# Blender 5.0.1
# www.blender.org
mtllib geo.mtl
o Sphere
v 0.320442 1.105839 -1.533917
v 0.320442 0.937309 -2.089487
v 0.320442 0.661410 -2.365386
v 0.320442 0.300930 -2.514702
v 0.320442 0.105839 -2.533917
v 0.320442 -0.089251 -2.514702
v 0.320442 -0.449731 -2.365386
v 0.320442 -0.894161 -1.533917
v 0.358503 1.086625 -1.725259
v 0.395100 1.029719 -1.909247
v 0.428829 0.937309 -2.078812
v 0.458392 0.812946 -2.227437
v 0.482654 0.661410 -2.349410
v 0.500682 0.488523 -2.440044
v 0.511784 0.300930 -2.495857
v 0.515533 0.105839 -2.514702
v 0.511784 -0.089251 -2.495857
v 0.500682 -0.276844 -2.440044
v 0.482654 -0.449731 -2.349410
v 0.458392 -0.601267 -2.227437
v 0.428829 -0.725630 -2.078812
v 0.395100 -0.818040 -1.909247
v 0.358503 -0.874946 -1.725259
v 0.395100 1.086625 -1.714157
v 0.466889 1.029719 -1.887470
v 0.533050 0.937309 -2.047197
v 0.591040 0.812946 -2.187198
v 0.638632 0.661410 -2.302094
v 0.673996 0.488523 -2.387470
v 0.695773 0.300930 -2.440044
v 0.703126 0.105839 -2.457796
v 0.695773 -0.089251 -2.440044
v 0.673996 -0.276844 -2.387470
v 0.638632 -0.449731 -2.302094
v 0.591040 -0.601267 -2.187198
v 0.533050 -0.725630 -2.047197
v 0.466889 -0.818040 -1.887470
v 0.395100 -0.874946 -1.714157
v 0.428829 1.086625 -1.696128
v 0.533050 1.029719 -1.852106
v 0.629101 0.937309 -1.995857
v 0.713290 0.812946 -2.121855
v 0.782382 0.661410 -2.225258
v 0.833722 0.488523 -2.302094
v 0.865337 0.300930 -2.349410
v 0.876013 0.105839 -2.365386
v 0.865337 -0.089251 -2.349410
v 0.833722 -0.276844 -2.302094
v 0.782382 -0.449731 -2.225258
v 0.713290 -0.601267 -2.121855
v 0.629101 -0.725630 -1.995857
v 0.533050 -0.818040 -1.852106
v 0.428829 -0.874946 -1.696128
v 0.458392 1.086625 -1.671867
v 0.591040 1.029719 -1.804515
v 0.713290 0.937309 -1.926764
v 0.820442 0.812946 -2.033917
v 0.908380 0.661410 -2.121855
v 0.973724 0.488523 -2.187198
v 1.013962 0.300930 -2.227437
v 1.027549 0.105839 -2.241024
v 1.013962 -0.089251 -2.227437
v 0.973724 -0.276844 -2.187198
v 0.908380 -0.449731 -2.121855
v 0.820442 -0.601267 -2.033917
v 0.713290 -0.725630 -1.926764
v 0.591040 -0.818040 -1.804515
v 0.458392 -0.874946 -1.671867
v 0.482654 1.086625 -1.642303
v 0.638632 1.029719 -1.746524
v 0.782382 0.937309 -1.842575
v 0.908380 0.812946 -1.926764
v 1.011784 0.661410 -1.995857
v 1.088620 0.488523 -2.047197
v 1.135936 0.300930 -2.078812
v 1.151912 0.105839 -2.089487
v 1.135936 -0.089251 -2.078812
v 1.088620 -0.276844 -2.047197
v 1.011784 -0.449731 -1.995857
v 0.908380 -0.601267 -1.926764
v 0.782382 -0.725630 -1.842575
v 0.638632 -0.818040 -1.746524
v 0.482654 -0.874946 -1.642303
v 0.500682 1.086625 -1.608575
v 0.673996 1.029719 -1.680363
v 0.833722 0.937309 -1.746524
v 0.973724 0.812946 -1.804515
v 1.088620 0.661410 -1.852106
v 1.173996 0.488523 -1.887470
v 1.226570 0.300930 -1.909247
v 1.244322 0.105839 -1.916600
v 1.226570 -0.089251 -1.909247
v 1.173996 -0.276844 -1.887470
v 1.088620 -0.449731 -1.852106
v 0.973724 -0.601267 -1.804515
v 0.833722 -0.725630 -1.746524
v 0.673996 -0.818040 -1.680363
v 0.500682 -0.874946 -1.608575
v 0.511784 1.086625 -1.571977
v 0.695773 1.029719 -1.608575
v 0.865337 0.937309 -1.642303
v 1.013962 0.812946 -1.671867
v 1.135935 0.661410 -1.696128
v 1.226570 0.488523 -1.714157
v 1.282382 0.300930 -1.725258
v 1.301227 0.105839 -1.729007
v 1.282382 -0.089251 -1.725258
v 1.226570 -0.276844 -1.714157
v 1.135935 -0.449731 -1.696128
v 1.013962 -0.601267 -1.671867
v 0.865337 -0.725630 -1.642303
v 0.695773 -0.818040 -1.608575
v 0.511784 -0.874946 -1.571977
v 0.515533 1.086625 -1.533917
v 0.703126 1.029719 -1.533917
v 0.876013 0.937309 -1.533917
v 1.027549 0.812946 -1.533917
v 1.151912 0.661410 -1.533917
v 1.244322 0.488523 -1.533917
v 1.301228 0.300930 -1.533917
v 1.320442 0.105839 -1.533917
v 1.301228 -0.089251 -1.533917
v 1.244322 -0.276844 -1.533917
v 1.151912 -0.449731 -1.533917
v 1.027549 -0.601267 -1.533917
v 0.876013 -0.725630 -1.533917
v 0.703126 -0.818040 -1.533917
v 0.515533 -0.874946 -1.533917
v 0.511784 1.086625 -1.495857
v 0.695773 1.029719 -1.459259
v 0.865337 0.937309 -1.425530
v 1.013962 0.812946 -1.395967
v 1.135935 0.661410 -1.371705
v 1.226570 0.488523 -1.353677
v 1.282382 0.300930 -1.342575
v 1.301227 0.105839 -1.338826
v 1.282382 -0.089251 -1.342575
v 1.226570 -0.276844 -1.353677
v 1.135935 -0.449731 -1.371705
v 1.013962 -0.601267 -1.395967
v 0.865337 -0.725630 -1.425530
v 0.695773 -0.818040 -1.459259
v 0.511784 -0.874946 -1.495857
v 0.500682 1.086625 -1.459259
v 0.673996 1.029719 -1.387470
v 0.833722 0.937309 -1.321309
v 0.973724 0.812946 -1.263319
v 1.088620 0.661410 -1.215727
v 1.173996 0.488523 -1.180364
v 1.226570 0.300930 -1.158587
v 1.244321 0.105839 -1.151233
v 1.226570 -0.089251 -1.158587
v 1.173996 -0.276844 -1.180364
v 1.088620 -0.449731 -1.215727
v 0.973724 -0.601267 -1.263319
v 0.833722 -0.725630 -1.321309
v 0.673996 -0.818040 -1.387470
v 0.500682 -0.874946 -1.459259
v 0.482654 1.086625 -1.425530
v 0.638632 1.029719 -1.321309
v 0.782382 0.937309 -1.225259
v 0.908380 0.812946 -1.141069
v 1.011784 0.661410 -1.071977
v 1.088620 0.488523 -1.020637
v 1.135935 0.300930 -0.989022
v 1.151911 0.105839 -0.978347
v 1.135935 -0.089251 -0.989022
v 1.088620 -0.276844 -1.020637
v 1.011784 -0.449731 -1.071977
v 0.908380 -0.601267 -1.141069
v 0.782382 -0.725630 -1.225259
v 0.638632 -0.818040 -1.321309
v 0.482654 -0.874946 -1.425530
v 0.458392 1.086625 -1.395967
v 0.591040 1.029719 -1.263319
v 0.713290 0.937309 -1.141069
v 0.820442 0.812946 -1.033917
v 0.908380 0.661410 -0.945979
v 0.973724 0.488523 -0.880635
v 1.013962 0.300930 -0.840397
v 1.027549 0.105839 -0.826810
v 1.013962 -0.089251 -0.840397
v 0.973724 -0.276844 -0.880635
v 0.908380 -0.449731 -0.945979
v 0.820442 -0.601267 -1.033917
v 0.713290 -0.725630 -1.141069
v 0.591040 -0.818040 -1.263319
v 0.458392 -0.874946 -1.395967
v 0.428829 1.086625 -1.371705
v 0.533050 1.029719 -1.215727
v 0.629100 0.937309 -1.071977
v 0.713290 0.812946 -0.945979
v 0.782382 0.661410 -0.842575
v 0.833722 0.488523 -0.765739
v 0.865337 0.300930 -0.718424
v 0.876012 0.105839 -0.702447
v 0.865337 -0.089251 -0.718424
v 0.833722 -0.276844 -0.765739
v 0.782382 -0.449731 -0.842575
v 0.713290 -0.601267 -0.945979
v 0.629100 -0.725630 -1.071977
v 0.533050 -0.818040 -1.215727
v 0.428829 -0.874946 -1.371705
v 0.395100 1.086625 -1.353677
v 0.466889 1.029719 -1.180364
v 0.533050 0.937309 -1.020637
v 0.591040 0.812946 -0.880635
v 0.638632 0.661410 -0.765739
v 0.673996 0.488523 -0.680364
v 0.695772 0.300930 -0.627790
v 0.703125 0.105839 -0.610038
v 0.695772 -0.089251 -0.627790
v 0.673996 -0.276844 -0.680364
v 0.638632 -0.449731 -0.765739
v 0.591040 -0.601267 -0.880635
v 0.533050 -0.725630 -1.020637
v 0.466889 -0.818040 -1.180364
v 0.395100 -0.874946 -1.353677
v 0.358503 1.086625 -1.342575
v 0.395100 1.029719 -1.158587
v 0.428829 0.937309 -0.989022
v 0.458392 0.812946 -0.840397
v 0.482654 0.661410 -0.718424
v 0.500682 0.488523 -0.627790
v 0.511784 0.300930 -0.571977
v 0.515532 0.105839 -0.553132
v 0.511784 -0.089251 -0.571977
v 0.500682 -0.276844 -0.627790
v 0.482654 -0.449731 -0.718424
v 0.458392 -0.601267 -0.840397
v 0.428829 -0.725630 -0.989022
v 0.395100 -0.818040 -1.158587
v 0.358503 -0.874946 -1.342575
v 0.320442 1.086625 -1.338827
v 0.320442 1.029719 -1.151233
v 0.320442 0.937309 -0.978347
v 0.320442 0.812946 -0.826810
v 0.320442 0.661410 -0.702448
v 0.320442 0.488523 -0.610038
v 0.320442 0.300930 -0.553132
v 0.320442 0.105839 -0.533917
v 0.320442 -0.089251 -0.553132
v 0.320442 -0.276844 -0.610038
v 0.320442 -0.449731 -0.702448
v 0.320442 -0.601267 -0.826810
v 0.320442 -0.725630 -0.978347
v 0.320442 -0.818040 -1.151233
v 0.320442 -0.874946 -1.338827
v 0.282382 1.086625 -1.342575
v 0.245785 1.029719 -1.158587
v 0.212056 0.937309 -0.989022
v 0.182493 0.812946 -0.840397
v 0.158231 0.661410 -0.718424
v 0.140203 0.488523 -0.627790
v 0.129101 0.300930 -0.571977
v 0.125352 0.105839 -0.553132
v 0.129101 -0.089251 -0.571977
v 0.140203 -0.276844 -0.627790
v 0.158231 -0.449731 -0.718424
v 0.182493 -0.601267 -0.840397
v 0.212056 -0.725630 -0.989022
v 0.245785 -0.818040 -1.158587
v 0.282382 -0.874946 -1.342575
v 0.245785 1.086625 -1.353677
v 0.173996 1.029719 -1.180364
v 0.107835 0.937309 -1.020637
v 0.049844 0.812946 -0.880635
v 0.002253 0.661410 -0.765739
v -0.033111 0.488523 -0.680364
v -0.054888 0.300930 -0.627790
v -0.062241 0.105839 -0.610038
v -0.054888 -0.089251 -0.627790
v -0.033111 -0.276844 -0.680364
v 0.002253 -0.449731 -0.765739
v 0.049844 -0.601267 -0.880635
v 0.107835 -0.725630 -1.020637
v 0.173996 -0.818040 -1.180364
v 0.245785 -0.874946 -1.353677
v 0.212056 1.086625 -1.371705
v 0.107835 1.029719 -1.215727
v 0.011784 0.937309 -1.071977
v -0.072405 0.812946 -0.945979
v -0.141497 0.661410 -0.842575
v -0.192837 0.488523 -0.765739
v -0.224453 0.300930 -0.718424
v -0.235128 0.105839 -0.702448
v -0.224453 -0.089251 -0.718424
v -0.192837 -0.276844 -0.765739
v -0.141497 -0.449731 -0.842575
v -0.072405 -0.601267 -0.945979
v 0.011784 -0.725630 -1.071977
v 0.107835 -0.818040 -1.215727
v 0.212056 -0.874946 -1.371705
v 0.182493 1.086625 -1.395967
v 0.049844 1.029719 -1.263319
v -0.072405 0.937309 -1.141070
v -0.179558 0.812946 -1.033917
v -0.267495 0.661410 -0.945979
v -0.332839 0.488523 -0.880636
v -0.373077 0.300930 -0.840397
v -0.386664 0.105839 -0.826811
v -0.373077 -0.089251 -0.840397
v -0.332839 -0.276844 -0.880636
v -0.267495 -0.449731 -0.945979
v -0.179558 -0.601267 -1.033917
v -0.072405 -0.725630 -1.141070
v 0.049844 -0.818040 -1.263319
v 0.182493 -0.874946 -1.395967
v 0.158231 1.086625 -1.425531
v 0.002253 1.029719 -1.321309
v -0.141497 0.937309 -1.225259
v -0.267495 0.812946 -1.141069
v -0.370899 0.661410 -1.071977
v -0.447735 0.488523 -1.020637
v -0.495051 0.300930 -0.989022
v -0.511027 0.105839 -0.978347
v -0.495051 -0.089251 -0.989022
v -0.447735 -0.276844 -1.020637
v -0.370899 -0.449731 -1.071977
v -0.267495 -0.601267 -1.141069
v -0.141497 -0.725630 -1.225259
v 0.002253 -0.818040 -1.321309
v 0.158231 -0.874946 -1.425531
v 0.140203 1.086625 -1.459259
v -0.033111 1.029719 -1.387470
v -0.192837 0.937309 -1.321310
v -0.332839 0.812946 -1.263319
v -0.447735 0.661410 -1.215728
v -0.533111 0.488523 -1.180364
v -0.585685 0.300930 -1.158587
v -0.603436 0.105839 -1.151234
v -0.585685 -0.089251 -1.158587
v -0.533111 -0.276844 -1.180364
v -0.447735 -0.449731 -1.215728
v -0.332839 -0.601267 -1.263319
v -0.192837 -0.725630 -1.321310
v -0.033111 -0.818040 -1.387470
v 0.140203 -0.874946 -1.459259
v 0.129101 1.086625 -1.495857
v -0.054888 1.029719 -1.459259
v -0.224452 0.937309 -1.425531
v -0.373077 0.812946 -1.395967
v -0.495050 0.661410 -1.371705
v -0.585685 0.488523 -1.353677
v -0.641497 0.300930 -1.342575
v -0.660342 0.105839 -1.338827
v -0.641497 -0.089251 -1.342575
v -0.585685 -0.276844 -1.353677
v -0.495050 -0.449731 -1.371705
v -0.373077 -0.601267 -1.395967
v -0.224452 -0.725630 -1.425531
v -0.054888 -0.818040 -1.459259
v 0.129101 -0.874946 -1.495857
v 0.125352 1.086625 -1.533917
v -0.062241 1.029719 -1.533917
v -0.235127 0.937309 -1.533917
v -0.386664 0.812946 -1.533917
v -0.511027 0.661410 -1.533917
v -0.603437 0.488523 -1.533917
v -0.660342 0.300930 -1.533917
v -0.679557 0.105839 -1.533917
v -0.660342 -0.089251 -1.533917
v -0.603437 -0.276844 -1.533917
v -0.511027 -0.449731 -1.533917
v -0.386664 -0.601267 -1.533917
v -0.235127 -0.725630 -1.533917
v -0.062241 -0.818040 -1.533917
v 0.125352 -0.874946 -1.533917
v 0.129101 1.086625 -1.571977
v -0.054888 1.029719 -1.608575
v -0.224452 0.937309 -1.642303
v -0.373077 0.812946 -1.671867
v -0.495050 0.661410 -1.696129
v -0.585685 0.488523 -1.714157
v -0.641497 0.300930 -1.725259
v -0.660342 0.105839 -1.729007
v -0.641497 -0.089251 -1.725259
v -0.585685 -0.276844 -1.714157
v -0.495050 -0.449731 -1.696129
v -0.373077 -0.601267 -1.671867
v -0.224452 -0.725630 -1.642303
v -0.054888 -0.818040 -1.608575
v 0.129101 -0.874946 -1.571977
v 0.140203 1.086625 -1.608575
v -0.033111 1.029719 -1.680363
v -0.192837 0.937309 -1.746524
v -0.332839 0.812946 -1.804515
v -0.447735 0.661410 -1.852106
v -0.533111 0.488523 -1.887470
v -0.585684 0.300930 -1.909247
v -0.603436 0.105839 -1.916600
v -0.585684 -0.089251 -1.909247
v -0.533111 -0.276844 -1.887470
v -0.447735 -0.449731 -1.852106
v -0.332839 -0.601267 -1.804515
v -0.192837 -0.725630 -1.746524
v -0.033111 -0.818040 -1.680363
v 0.140203 -0.874946 -1.608575
v 0.158231 1.086625 -1.642303
v 0.002253 1.029719 -1.746524
v -0.141497 0.937309 -1.842575
v -0.267495 0.812946 -1.926764
v -0.370899 0.661410 -1.995857
v -0.447735 0.488523 -2.047197
v -0.495050 0.300930 -2.078812
v -0.511026 0.105839 -2.089487
v -0.495050 -0.089251 -2.078812
v -0.447735 -0.276844 -2.047197
v -0.370899 -0.449731 -1.995857
v -0.267495 -0.601267 -1.926764
v -0.141497 -0.725630 -1.842575
v 0.002253 -0.818040 -1.746524
v 0.158231 -0.874946 -1.642303
v 0.182493 1.086625 -1.671866
v 0.049845 1.029719 -1.804515
v -0.072405 0.937309 -1.926764
v -0.179557 0.812946 -2.033917
v -0.267495 0.661410 -2.121854
v -0.332839 0.488523 -2.187198
v -0.373077 0.300930 -2.227437
v -0.386663 0.105839 -2.241023
v -0.373077 -0.089251 -2.227437
v -0.332839 -0.276844 -2.187198
v -0.267495 -0.449731 -2.121854
v -0.179557 -0.601267 -2.033917
v -0.072405 -0.725630 -1.926764
v 0.049845 -0.818040 -1.804515
v 0.182493 -0.874946 -1.671866
v 0.212056 1.086625 -1.696128
v 0.107835 1.029719 -1.852106
v 0.011785 0.937309 -1.995856
v -0.072405 0.812946 -2.121855
v -0.141497 0.661410 -2.225258
v -0.192837 0.488523 -2.302094
v -0.224452 0.300930 -2.349410
v -0.235127 0.105839 -2.365386
v -0.224452 -0.089251 -2.349410
v -0.192837 -0.276844 -2.302094
v -0.141497 -0.449731 -2.225258
v -0.072405 -0.601267 -2.121855
v 0.011785 -0.725630 -1.995856
v 0.107835 -0.818040 -1.852106
v 0.212056 -0.874946 -1.696128
v 0.245785 1.086625 -1.714157
v 0.173996 1.029719 -1.887470
v 0.107835 0.937309 -2.047196
v 0.049844 0.812946 -2.187198
v 0.002253 0.661410 -2.302094
v -0.033111 0.488523 -2.387470
v -0.054887 0.300930 -2.440044
v -0.062240 0.105839 -2.457795
v -0.054887 -0.089251 -2.440044
v -0.033111 -0.276844 -2.387470
v 0.002253 -0.449731 -2.302094
v 0.049844 -0.601267 -2.187198
v 0.107835 -0.725630 -2.047196
v 0.173996 -0.818040 -1.887470
v 0.245785 -0.874946 -1.714157
v 0.282382 1.086625 -1.725258
v 0.245785 1.029719 -1.909247
v 0.212056 0.937309 -2.078811
v 0.182493 0.812946 -2.227437
v 0.158231 0.661410 -2.349409
v 0.140203 0.488523 -2.440044
v 0.129101 0.300930 -2.495856
v 0.125353 0.105839 -2.514701
v 0.129101 -0.089251 -2.495856
v 0.140203 -0.276844 -2.440044
v 0.158231 -0.449731 -2.349409
v 0.182493 -0.601267 -2.227437
v 0.212056 -0.725630 -2.078811
v 0.245785 -0.818040 -1.909247
v 0.282382 -0.874946 -1.725258
v 0.320442 1.086625 -1.729007
v 0.320442 1.029719 -1.916600
v 0.320442 0.812946 -2.241024
v 0.320442 0.488523 -2.457796
v 0.320442 -0.276844 -2.457796
v 0.320442 -0.601267 -2.241024
v 0.320443 -0.725630 -2.089486
v 0.320442 -0.818040 -1.916600
v 0.320442 -0.874946 -1.729007
vn 0.0865 -0.4696 -0.8786
vn 0.0624 0.7715 -0.6332
vn 0.0759 -0.6326 -0.7708
vn 0.0759 0.6326 -0.7708
vn 0.0624 -0.7715 -0.6332
vn 0.0865 0.4696 -0.8786
vn 0.0464 -0.8810 -0.4709
vn 0.0938 0.2890 -0.9527
vn 0.0286 -0.9565 -0.2902
vn 0.0975 0.0975 -0.9904
vn 0.0097 0.9951 -0.0980
vn 0.0097 -0.9951 -0.0980
vn 0.0975 -0.0975 -0.9904
vn 0.0286 0.9565 -0.2902
vn 0.0938 -0.2890 -0.9527
vn 0.0464 0.8810 -0.4709
vn 0.2779 -0.2890 -0.9161
vn 0.1374 0.8810 -0.4528
vn 0.2563 -0.4696 -0.8448
vn 0.1847 0.7715 -0.6088
vn 0.2248 -0.6326 -0.7412
vn 0.2248 0.6326 -0.7412
vn 0.1847 -0.7715 -0.6088
vn 0.2563 0.4696 -0.8448
vn 0.1374 -0.8810 -0.4528
vn 0.2779 0.2890 -0.9161
vn 0.0846 -0.9565 -0.2790
vn 0.2889 0.0976 -0.9524
vn 0.0286 0.9951 -0.0942
vn 0.0286 -0.9951 -0.0942
vn 0.2889 -0.0976 -0.9524
vn 0.0846 0.9565 -0.2790
vn 0.2230 -0.8810 -0.4173
vn 0.4513 0.2890 -0.8443
vn 0.1374 -0.9565 -0.2571
vn 0.4691 0.0975 -0.8777
vn 0.0464 0.9951 -0.0869
vn 0.0464 -0.9951 -0.0869
vn 0.4691 -0.0975 -0.8777
vn 0.1374 0.9565 -0.2571
vn 0.4513 -0.2890 -0.8443
vn 0.2230 0.8810 -0.4173
vn 0.4162 -0.4696 -0.7786
vn 0.2999 0.7715 -0.5611
vn 0.3651 -0.6326 -0.6831
vn 0.3651 0.6326 -0.6831
vn 0.2999 -0.7715 -0.5611
vn 0.4162 0.4696 -0.7786
vn 0.3002 0.8810 -0.3658
vn 0.5601 -0.4696 -0.6825
vn 0.4036 0.7715 -0.4918
vn 0.4913 -0.6326 -0.5987
vn 0.4913 0.6326 -0.5987
vn 0.4036 -0.7715 -0.4918
vn 0.5601 0.4696 -0.6825
vn 0.3002 -0.8810 -0.3658
vn 0.6073 0.2890 -0.7400
vn 0.1850 -0.9565 -0.2254
vn 0.6314 0.0975 -0.7693
vn 0.0625 0.9951 -0.0761
vn 0.0625 -0.9951 -0.0761
vn 0.6314 -0.0975 -0.7693
vn 0.1850 0.9565 -0.2254
vn 0.6073 -0.2890 -0.7400
vn 0.7400 0.2890 -0.6073
vn 0.2254 -0.9565 -0.1850
vn 0.7693 0.0975 -0.6314
vn 0.0761 0.9951 -0.0625
vn 0.0761 -0.9951 -0.0625
vn 0.7693 -0.0975 -0.6314
vn 0.2254 0.9565 -0.1850
vn 0.7400 -0.2890 -0.6073
vn 0.3658 0.8810 -0.3002
vn 0.6825 -0.4696 -0.5601
vn 0.4918 0.7715 -0.4036
vn 0.5987 -0.6326 -0.4913
vn 0.5987 0.6326 -0.4913
vn 0.4918 -0.7715 -0.4036
vn 0.6825 0.4696 -0.5601
vn 0.3658 -0.8810 -0.3002
vn 0.7786 -0.4696 -0.4162
vn 0.5611 0.7715 -0.2999
vn 0.6831 -0.6326 -0.3651
vn 0.6831 0.6326 -0.3651
vn 0.5611 -0.7715 -0.2999
vn 0.7786 0.4696 -0.4162
vn 0.4173 -0.8810 -0.2230
vn 0.8443 0.2890 -0.4513
vn 0.2571 -0.9565 -0.1374
vn 0.8777 0.0975 -0.4691
vn 0.0869 0.9951 -0.0464
vn 0.0869 -0.9951 -0.0464
vn 0.8777 -0.0975 -0.4691
vn 0.2571 0.9565 -0.1374
vn 0.8443 -0.2890 -0.4513
vn 0.4173 0.8810 -0.2230
vn 0.2790 -0.9565 -0.0846
vn 0.9524 0.0975 -0.2889
vn 0.0942 0.9951 -0.0286
vn 0.0942 -0.9951 -0.0286
vn 0.9524 -0.0975 -0.2889
vn 0.2790 0.9565 -0.0846
vn 0.9161 -0.2890 -0.2779
vn 0.4528 0.8810 -0.1374
vn 0.8448 -0.4696 -0.2563
vn 0.6088 0.7715 -0.1847
vn 0.7412 -0.6326 -0.2248
vn 0.7412 0.6326 -0.2248
vn 0.6088 -0.7715 -0.1847
vn 0.8448 0.4696 -0.2563
vn 0.4528 -0.8810 -0.1374
vn 0.9161 0.2890 -0.2779
vn 0.7708 -0.6326 -0.0759
vn 0.7708 0.6326 -0.0759
vn 0.6332 -0.7715 -0.0624
vn 0.8786 0.4696 -0.0865
vn 0.4709 -0.8810 -0.0464
vn 0.9527 0.2890 -0.0938
vn 0.2902 -0.9565 -0.0286
vn 0.9904 0.0975 -0.0975
vn 0.0980 0.9951 -0.0097
vn 0.0980 -0.9951 -0.0097
vn 0.9904 -0.0975 -0.0975
vn 0.2902 0.9565 -0.0286
vn 0.9527 -0.2890 -0.0938
vn 0.4709 0.8810 -0.0464
vn 0.8786 -0.4696 -0.0865
vn 0.6332 0.7715 -0.0624
vn 0.0980 0.9951 0.0097
vn 0.0980 -0.9951 0.0097
vn 0.9904 -0.0975 0.0976
vn 0.2902 0.9565 0.0286
vn 0.9527 -0.2890 0.0938
vn 0.4709 0.8810 0.0464
vn 0.8786 -0.4696 0.0865
vn 0.6332 0.7715 0.0624
vn 0.7708 -0.6326 0.0759
vn 0.7708 0.6326 0.0759
vn 0.6332 -0.7715 0.0624
vn 0.8786 0.4696 0.0865
vn 0.4709 -0.8810 0.0464
vn 0.9527 0.2890 0.0938
vn 0.2902 -0.9565 0.0286
vn 0.9904 0.0975 0.0976
vn 0.7412 0.6326 0.2248
vn 0.6088 -0.7715 0.1847
vn 0.8448 0.4696 0.2563
vn 0.4528 -0.8810 0.1374
vn 0.9161 0.2890 0.2779
vn 0.2790 -0.9565 0.0846
vn 0.9524 0.0975 0.2889
vn 0.0942 0.9951 0.0286
vn 0.0942 -0.9951 0.0286
vn 0.9524 -0.0975 0.2889
vn 0.2790 0.9565 0.0846
vn 0.9161 -0.2890 0.2779
vn 0.4528 0.8810 0.1374
vn 0.8448 -0.4696 0.2563
vn 0.6088 0.7715 0.1847
vn 0.7412 -0.6326 0.2248
vn 0.8777 -0.0975 0.4691
vn 0.2571 0.9565 0.1374
vn 0.8443 -0.2890 0.4513
vn 0.4173 0.8810 0.2230
vn 0.7786 -0.4696 0.4162
vn 0.5611 0.7715 0.2999
vn 0.6831 -0.6326 0.3651
vn 0.6831 0.6326 0.3651
vn 0.5611 -0.7715 0.2999
vn 0.7786 0.4696 0.4162
vn 0.4173 -0.8810 0.2230
vn 0.8443 0.2890 0.4513
vn 0.2571 -0.9565 0.1374
vn 0.8777 0.0975 0.4691
vn 0.0869 0.9951 0.0464
vn 0.0869 -0.9951 0.0464
vn 0.4918 -0.7715 0.4036
vn 0.6825 0.4696 0.5601
vn 0.3658 -0.8810 0.3002
vn 0.7400 0.2890 0.6073
vn 0.2254 -0.9565 0.1850
vn 0.7693 0.0975 0.6314
vn 0.0761 0.9951 0.0625
vn 0.0761 -0.9951 0.0625
vn 0.7693 -0.0975 0.6314
vn 0.2254 0.9565 0.1850
vn 0.7400 -0.2890 0.6073
vn 0.3658 0.8810 0.3002
vn 0.6825 -0.4696 0.5601
vn 0.4918 0.7715 0.4036
vn 0.5987 -0.6326 0.4913
vn 0.5987 0.6326 0.4913
vn 0.1850 0.9565 0.2254
vn 0.6073 -0.2890 0.7400
vn 0.3002 0.8810 0.3658
vn 0.5601 -0.4696 0.6825
vn 0.4036 0.7715 0.4918
vn 0.4913 -0.6326 0.5987
vn 0.4913 0.6326 0.5987
vn 0.4036 -0.7715 0.4918
vn 0.5601 0.4696 0.6825
vn 0.3002 -0.8810 0.3658
vn 0.6073 0.2890 0.7400
vn 0.1850 -0.9565 0.2254
vn 0.6314 0.0975 0.7693
vn 0.0625 0.9951 0.0761
vn 0.0625 -0.9951 0.0761
vn 0.6314 -0.0975 0.7693
vn 0.4162 0.4696 0.7786
vn 0.2230 -0.8810 0.4173
vn 0.4513 0.2890 0.8443
vn 0.1374 -0.9565 0.2571
vn 0.4691 0.0975 0.8777
vn 0.0464 0.9951 0.0869
vn 0.0464 -0.9951 0.0869
vn 0.4691 -0.0975 0.8777
vn 0.1374 0.9565 0.2571
vn 0.4513 -0.2890 0.8443
vn 0.2230 0.8810 0.4173
vn 0.4162 -0.4696 0.7786
vn 0.2999 0.7715 0.5611
vn 0.3651 -0.6326 0.6831
vn 0.3651 0.6326 0.6831
vn 0.2999 -0.7715 0.5611
vn 0.2779 -0.2890 0.9161
vn 0.1374 0.8810 0.4528
vn 0.2563 -0.4696 0.8448
vn 0.1847 0.7715 0.6088
vn 0.2248 -0.6326 0.7412
vn 0.2248 0.6326 0.7412
vn 0.1847 -0.7715 0.6088
vn 0.2563 0.4696 0.8448
vn 0.1374 -0.8810 0.4528
vn 0.2779 0.2890 0.9161
vn 0.0846 -0.9565 0.2790
vn 0.2889 0.0975 0.9524
vn 0.0286 0.9951 0.0942
vn 0.0286 -0.9951 0.0942
vn 0.2889 -0.0975 0.9524
vn 0.0846 0.9565 0.2790
vn 0.0464 -0.8810 0.4709
vn 0.0938 0.2890 0.9527
vn 0.0286 -0.9565 0.2902
vn 0.0975 0.0975 0.9904
vn 0.0097 0.9951 0.0980
vn 0.0097 -0.9951 0.0980
vn 0.0975 -0.0975 0.9904
vn 0.0286 0.9565 0.2902
vn 0.0938 -0.2890 0.9527
vn 0.0464 0.8810 0.4709
vn 0.0865 -0.4696 0.8786
vn 0.0624 0.7715 0.6332
vn 0.0759 -0.6326 0.7708
vn 0.0759 0.6326 0.7708
vn 0.0624 -0.7715 0.6332
vn 0.0865 0.4696 0.8786
vn -0.0865 -0.4696 0.8786
vn -0.0624 0.7715 0.6332
vn -0.0759 -0.6326 0.7708
vn -0.0759 0.6326 0.7708
vn -0.0624 -0.7715 0.6332
vn -0.0865 0.4696 0.8786
vn -0.0464 -0.8810 0.4709
vn -0.0938 0.2890 0.9527
vn -0.0286 -0.9565 0.2902
vn -0.0976 0.0975 0.9904
vn -0.0097 0.9951 0.0980
vn -0.0097 -0.9951 0.0980
vn -0.0976 -0.0975 0.9904
vn -0.0286 0.9565 0.2902
vn -0.0938 -0.2890 0.9527
vn -0.0464 0.8810 0.4709
vn -0.0846 -0.9565 0.2790
vn -0.2889 0.0975 0.9524
vn -0.0286 0.9951 0.0942
vn -0.0286 -0.9951 0.0942
vn -0.2889 -0.0975 0.9524
vn -0.0846 0.9565 0.2790
vn -0.2779 -0.2890 0.9161
vn -0.1374 0.8810 0.4528
vn -0.2563 -0.4696 0.8448
vn -0.1847 0.7715 0.6088
vn -0.2248 -0.6326 0.7412
vn -0.2248 0.6326 0.7412
vn -0.1847 -0.7715 0.6088
vn -0.2563 0.4696 0.8448
vn -0.1374 -0.8810 0.4528
vn -0.2779 0.2890 0.9161
vn -0.2999 0.7715 0.5611
vn -0.3651 -0.6326 0.6831
vn -0.3651 0.6326 0.6831
vn -0.2999 -0.7715 0.5611
vn -0.4162 0.4696 0.7786
vn -0.2230 -0.8810 0.4173
vn -0.4513 0.2890 0.8443
vn -0.1374 -0.9565 0.2571
vn -0.4691 0.0975 0.8777
vn -0.0464 0.9951 0.0869
vn -0.0464 -0.9951 0.0869
vn -0.4691 -0.0975 0.8777
vn -0.1374 0.9565 0.2571
vn -0.4513 -0.2890 0.8443
vn -0.2230 0.8810 0.4173
vn -0.4162 -0.4696 0.7786
vn -0.6314 0.0975 0.7693
vn -0.0625 0.9951 0.0761
vn -0.0625 -0.9951 0.0761
vn -0.6314 -0.0975 0.7693
vn -0.1850 0.9565 0.2254
vn -0.6073 -0.2890 0.7400
vn -0.3002 0.8810 0.3658
vn -0.5601 -0.4696 0.6825
vn -0.4036 0.7715 0.4918
vn -0.4913 -0.6326 0.5987
vn -0.4913 0.6326 0.5987
vn -0.4036 -0.7715 0.4918
vn -0.5601 0.4696 0.6825
vn -0.3002 -0.8810 0.3658
vn -0.6073 0.2890 0.7400
vn -0.1850 -0.9565 0.2254
vn -0.5987 -0.6326 0.4913
vn -0.5987 0.6326 0.4913
vn -0.4918 -0.7715 0.4036
vn -0.6825 0.4696 0.5601
vn -0.3658 -0.8810 0.3002
vn -0.7400 0.2890 0.6073
vn -0.2254 -0.9565 0.1850
vn -0.7693 0.0975 0.6314
vn -0.0761 0.9951 0.0625
vn -0.0761 -0.9951 0.0625
vn -0.7693 -0.0975 0.6314
vn -0.2254 0.9565 0.1850
vn -0.7400 -0.2890 0.6073
vn -0.3658 0.8810 0.3002
vn -0.6825 -0.4696 0.5601
vn -0.4918 0.7715 0.4036
vn -0.0869 0.9951 0.0464
vn -0.0869 -0.9951 0.0464
vn -0.8777 -0.0975 0.4691
vn -0.2571 0.9565 0.1374
vn -0.8443 -0.2890 0.4513
vn -0.4173 0.8810 0.2230
vn -0.7786 -0.4696 0.4162
vn -0.5611 0.7715 0.2999
vn -0.6831 -0.6326 0.3651
vn -0.6831 0.6326 0.3651
vn -0.5611 -0.7715 0.2999
vn -0.7786 0.4696 0.4162
vn -0.4173 -0.8810 0.2230
vn -0.8443 0.2890 0.4513
vn -0.2571 -0.9565 0.1374
vn -0.8777 0.0975 0.4691
vn -0.7412 0.6326 0.2248
vn -0.6088 -0.7715 0.1847
vn -0.8448 0.4696 0.2563
vn -0.4528 -0.8810 0.1374
vn -0.9161 0.2890 0.2779
vn -0.2790 -0.9565 0.0846
vn -0.9524 0.0975 0.2889
vn -0.0942 0.9951 0.0286
vn -0.0942 -0.9951 0.0286
vn -0.9524 -0.0975 0.2889
vn -0.2790 0.9565 0.0846
vn -0.9161 -0.2890 0.2779
vn -0.4528 0.8810 0.1374
vn -0.8448 -0.4696 0.2563
vn -0.6088 0.7715 0.1847
vn -0.7412 -0.6326 0.2248
vn -0.9904 -0.0975 0.0975
vn -0.2902 0.9565 0.0286
vn -0.9527 -0.2890 0.0938
vn -0.4709 0.8810 0.0464
vn -0.8786 -0.4696 0.0865
vn -0.6332 0.7715 0.0624
vn -0.7708 -0.6326 0.0759
vn -0.7708 0.6326 0.0759
vn -0.6332 -0.7715 0.0624
vn -0.8786 0.4696 0.0865
vn -0.4709 -0.8810 0.0464
vn -0.9527 0.2890 0.0938
vn -0.2902 -0.9565 0.0286
vn -0.9904 0.0975 0.0975
vn -0.0980 0.9951 0.0097
vn -0.0980 -0.9951 0.0097
vn -0.6332 -0.7715 -0.0624
vn -0.8786 0.4696 -0.0865
vn -0.4709 -0.8810 -0.0464
vn -0.9527 0.2890 -0.0938
vn -0.2902 -0.9565 -0.0286
vn -0.9904 0.0975 -0.0976
vn -0.0980 0.9951 -0.0097
vn -0.0980 -0.9951 -0.0097
vn -0.9904 -0.0975 -0.0976
vn -0.2902 0.9565 -0.0286
vn -0.9527 -0.2890 -0.0938
vn -0.4709 0.8810 -0.0464
vn -0.8786 -0.4696 -0.0865
vn -0.6332 0.7715 -0.0624
vn -0.7708 -0.6326 -0.0759
vn -0.7708 0.6326 -0.0759
vn -0.9161 -0.2890 -0.2779
vn -0.4528 0.8810 -0.1374
vn -0.8448 -0.4696 -0.2563
vn -0.6088 0.7715 -0.1847
vn -0.7412 -0.6326 -0.2248
vn -0.7412 0.6326 -0.2248
vn -0.6088 -0.7715 -0.1847
vn -0.8448 0.4696 -0.2563
vn -0.4528 -0.8810 -0.1374
vn -0.9161 0.2890 -0.2779
vn -0.2790 -0.9565 -0.0846
vn -0.9524 0.0975 -0.2889
vn -0.0942 0.9951 -0.0286
vn -0.0942 -0.9951 -0.0286
vn -0.9524 -0.0975 -0.2889
vn -0.2790 0.9565 -0.0846
vn -0.4173 -0.8810 -0.2231
vn -0.8443 0.2890 -0.4513
vn -0.2571 -0.9565 -0.1374
vn -0.8777 0.0975 -0.4691
vn -0.0869 0.9951 -0.0464
vn -0.0869 -0.9951 -0.0464
vn -0.8777 -0.0975 -0.4691
vn -0.2571 0.9565 -0.1374
vn -0.8443 -0.2890 -0.4513
vn -0.4173 0.8810 -0.2231
vn -0.7786 -0.4696 -0.4162
vn -0.5611 0.7715 -0.2999
vn -0.6831 -0.6326 -0.3651
vn -0.6831 0.6326 -0.3651
vn -0.5611 -0.7715 -0.2999
vn -0.7786 0.4696 -0.4162
vn -0.3658 0.8810 -0.3002
vn -0.6825 -0.4696 -0.5601
vn -0.4918 0.7715 -0.4036
vn -0.5987 -0.6326 -0.4913
vn -0.5987 0.6326 -0.4913
vn -0.4918 -0.7715 -0.4036
vn -0.6825 0.4696 -0.5601
vn -0.3658 -0.8810 -0.3002
vn -0.7400 0.2890 -0.6073
vn -0.2254 -0.9565 -0.1850
vn -0.7693 0.0975 -0.6314
vn -0.0761 0.9951 -0.0625
vn -0.0761 -0.9951 -0.0625
vn -0.7693 -0.0975 -0.6314
vn -0.2254 0.9565 -0.1850
vn -0.7400 -0.2890 -0.6073
vn -0.6073 0.2890 -0.7400
vn -0.1850 -0.9565 -0.2254
vn -0.6314 0.0975 -0.7693
vn -0.0625 0.9951 -0.0761
vn -0.0625 -0.9951 -0.0761
vn -0.6314 -0.0975 -0.7693
vn -0.1850 0.9565 -0.2254
vn -0.6073 -0.2890 -0.7400
vn -0.3002 0.8810 -0.3658
vn -0.5601 -0.4696 -0.6825
vn -0.4036 0.7715 -0.4918
vn -0.4913 -0.6326 -0.5987
vn -0.4913 0.6326 -0.5987
vn -0.4036 -0.7715 -0.4918
vn -0.5601 0.4696 -0.6825
vn -0.3002 -0.8810 -0.3658
vn -0.4162 -0.4696 -0.7786
vn -0.2999 0.7715 -0.5611
vn -0.3651 -0.6326 -0.6831
vn -0.3651 0.6326 -0.6831
vn -0.2999 -0.7715 -0.5611
vn -0.4162 0.4696 -0.7786
vn -0.2230 -0.8810 -0.4173
vn -0.4513 0.2890 -0.8443
vn -0.1374 -0.9565 -0.2571
vn -0.4691 0.0975 -0.8777
vn -0.0464 0.9951 -0.0869
vn -0.0464 -0.9951 -0.0869
vn -0.4691 -0.0975 -0.8777
vn -0.1374 0.9565 -0.2571
vn -0.4513 -0.2890 -0.8443
vn -0.2230 0.8810 -0.4173
vn -0.0846 -0.9565 -0.2790
vn -0.2889 0.0975 -0.9524
vn -0.0286 0.9951 -0.0942
vn -0.0286 -0.9951 -0.0942
vn -0.2889 -0.0975 -0.9524
vn -0.0846 0.9565 -0.2790
vn -0.2779 -0.2890 -0.9161
vn -0.1374 0.8810 -0.4528
vn -0.2563 -0.4696 -0.8448
vn -0.1847 0.7715 -0.6088
vn -0.2248 -0.6326 -0.7412
vn -0.2248 0.6326 -0.7412
vn -0.1847 -0.7715 -0.6088
vn -0.2563 0.4696 -0.8448
vn -0.1374 -0.8810 -0.4528
vn -0.2779 0.2890 -0.9161
vn -0.0624 0.7715 -0.6332
vn -0.0759 -0.6326 -0.7708
vn -0.0759 0.6326 -0.7708
vn -0.0624 -0.7715 -0.6332
vn -0.0865 0.4696 -0.8786
vn -0.0464 -0.8810 -0.4709
vn -0.0938 0.2890 -0.9527
vn -0.0286 -0.9565 -0.2902
vn -0.0976 0.0975 -0.9904
vn -0.0097 0.9951 -0.0980
vn -0.0097 -0.9951 -0.0980
vn -0.0976 -0.0975 -0.9904
vn -0.0286 0.9565 -0.2902
vn -0.0938 -0.2890 -0.9527
vn -0.0464 0.8810 -0.4709
vn -0.0865 -0.4696 -0.8786
vt 0.750000 0.312500
vt 0.750000 0.375000
vt 0.718750 0.375000
vt 0.718750 0.312500
vt 0.750000 0.750000
vt 0.750000 0.812500
vt 0.718750 0.812500
vt 0.718750 0.750000
vt 0.750000 0.250000
vt 0.718750 0.250000
vt 0.750000 0.687500
vt 0.718750 0.687500
vt 0.750000 0.187500
vt 0.718750 0.187500
vt 0.750000 0.625000
vt 0.718750 0.625000
vt 0.750000 0.125000
vt 0.718750 0.125000
vt 0.750000 0.562500
vt 0.718750 0.562500
vt 0.750000 0.062500
vt 0.718750 0.062500
vt 0.750000 0.500000
vt 0.718750 0.500000
vt 0.750000 0.937500
vt 0.734375 1.000000
vt 0.718750 0.937500
vt 0.734375 0.000000
vt 0.750000 0.437500
vt 0.718750 0.437500
vt 0.750000 0.875000
vt 0.718750 0.875000
vt 0.687500 0.437500
vt 0.687500 0.375000
vt 0.687500 0.875000
vt 0.687500 0.812500
vt 0.687500 0.312500
vt 0.687500 0.750000
vt 0.687500 0.250000
vt 0.687500 0.687500
vt 0.687500 0.187500
vt 0.687500 0.625000
vt 0.687500 0.125000
vt 0.687500 0.562500
vt 0.687500 0.062500
vt 0.687500 0.500000
vt 0.703125 1.000000
vt 0.687500 0.937500
vt 0.703125 0.000000
vt 0.656250 0.187500
vt 0.656250 0.125000
vt 0.656250 0.625000
vt 0.656250 0.562500
vt 0.656250 0.062500
vt 0.656250 0.500000
vt 0.671875 1.000000
vt 0.656250 0.937500
vt 0.671875 0.000000
vt 0.656250 0.437500
vt 0.656250 0.875000
vt 0.656250 0.375000
vt 0.656250 0.812500
vt 0.656250 0.312500
vt 0.656250 0.750000
vt 0.656250 0.250000
vt 0.656250 0.687500
vt 0.625000 0.875000
vt 0.625000 0.812500
vt 0.625000 0.375000
vt 0.625000 0.312500
vt 0.625000 0.750000
vt 0.625000 0.250000
vt 0.625000 0.687500
vt 0.625000 0.187500
vt 0.625000 0.625000
vt 0.625000 0.125000
vt 0.625000 0.562500
vt 0.625000 0.062500
vt 0.625000 0.500000
vt 0.640625 1.000000
vt 0.625000 0.937500
vt 0.640625 0.000000
vt 0.625000 0.437500
vt 0.593750 0.625000
vt 0.593750 0.562500
vt 0.593750 0.125000
vt 0.593750 0.062500
vt 0.593750 0.500000
vt 0.609375 1.000000
vt 0.593750 0.937500
vt 0.609375 0.000000
vt 0.593750 0.437500
vt 0.593750 0.875000
vt 0.593750 0.375000
vt 0.593750 0.812500
vt 0.593750 0.312500
vt 0.593750 0.750000
vt 0.593750 0.250000
vt 0.593750 0.687500
vt 0.593750 0.187500
vt 0.562500 0.375000
vt 0.562500 0.312500
vt 0.562500 0.812500
vt 0.562500 0.750000
vt 0.562500 0.250000
vt 0.562500 0.687500
vt 0.562500 0.187500
vt 0.562500 0.625000
vt 0.562500 0.125000
vt 0.562500 0.562500
vt 0.562500 0.062500
vt 0.562500 0.500000
vt 0.578125 1.000000
vt 0.562500 0.937500
vt 0.578125 0.000000
vt 0.562500 0.437500
vt 0.562500 0.875000
vt 0.531250 0.125000
vt 0.531250 0.062500
vt 0.531250 0.562500
vt 0.531250 0.500000
vt 0.546875 1.000000
vt 0.531250 0.937500
vt 0.546875 0.000000
vt 0.531250 0.437500
vt 0.531250 0.875000
vt 0.531250 0.375000
vt 0.531250 0.812500
vt 0.531250 0.312500
vt 0.531250 0.750000
vt 0.531250 0.250000
vt 0.531250 0.687500
vt 0.531250 0.187500
vt 0.531250 0.625000
vt 0.500000 0.312500
vt 0.500000 0.250000
vt 0.500000 0.750000
vt 0.500000 0.687500
vt 0.500000 0.187500
vt 0.500000 0.625000
vt 0.500000 0.125000
vt 0.500000 0.562500
vt 0.500000 0.062500
vt 0.500000 0.500000
vt 0.515625 1.000000
vt 0.500000 0.937500
vt 0.515625 0.000000
vt 0.500000 0.437500
vt 0.500000 0.875000
vt 0.500000 0.375000
vt 0.500000 0.812500
vt 0.484375 1.000000
vt 0.468750 0.937500
vt 0.484375 0.000000
vt 0.468750 0.062500
vt 0.468750 0.500000
vt 0.468750 0.437500
vt 0.468750 0.875000
vt 0.468750 0.375000
vt 0.468750 0.812500
vt 0.468750 0.312500
vt 0.468750 0.750000
vt 0.468750 0.250000
vt 0.468750 0.687500
vt 0.468750 0.187500
vt 0.468750 0.625000
vt 0.468750 0.125000
vt 0.468750 0.562500
vt 0.437500 0.750000
vt 0.437500 0.687500
vt 0.437500 0.250000
vt 0.437500 0.187500
vt 0.437500 0.625000
vt 0.437500 0.125000
vt 0.437500 0.562500
vt 0.437500 0.062500
vt 0.437500 0.500000
vt 0.453125 1.000000
vt 0.437500 0.937500
vt 0.453125 0.000000
vt 0.437500 0.437500
vt 0.437500 0.875000
vt 0.437500 0.375000
vt 0.437500 0.812500
vt 0.437500 0.312500
vt 0.406250 0.500000
vt 0.406250 0.437500
vt 0.406250 0.937500
vt 0.406250 0.875000
vt 0.406250 0.375000
vt 0.406250 0.812500
vt 0.406250 0.312500
vt 0.406250 0.750000
vt 0.406250 0.250000
vt 0.406250 0.687500
vt 0.406250 0.187500
vt 0.406250 0.625000
vt 0.406250 0.125000
vt 0.406250 0.562500
vt 0.406250 0.062500
vt 0.421875 1.000000
vt 0.421875 0.000000
vt 0.375000 0.250000
vt 0.375000 0.187500
vt 0.375000 0.687500
vt 0.375000 0.625000
vt 0.375000 0.125000
vt 0.375000 0.562500
vt 0.375000 0.062500
vt 0.375000 0.500000
vt 0.390625 1.000000
vt 0.375000 0.937500
vt 0.390625 0.000000
vt 0.375000 0.437500
vt 0.375000 0.875000
vt 0.375000 0.375000
vt 0.375000 0.812500
vt 0.375000 0.312500
vt 0.375000 0.750000
vt 0.343750 0.937500
vt 0.343750 0.875000
vt 0.343750 0.437500
vt 0.343750 0.375000
vt 0.343750 0.812500
vt 0.343750 0.312500
vt 0.343750 0.750000
vt 0.343750 0.250000
vt 0.343750 0.687500
vt 0.343750 0.187500
vt 0.343750 0.625000
vt 0.343750 0.125000
vt 0.343750 0.562500
vt 0.343750 0.062500
vt 0.343750 0.500000
vt 0.359375 1.000000
vt 0.359375 0.000000
vt 0.312500 0.687500
vt 0.312500 0.625000
vt 0.312500 0.187500
vt 0.312500 0.125000
vt 0.312500 0.562500
vt 0.312500 0.062500
vt 0.312500 0.500000
vt 0.328125 1.000000
vt 0.312500 0.937500
vt 0.328125 0.000000
vt 0.312500 0.437500
vt 0.312500 0.875000
vt 0.312500 0.375000
vt 0.312500 0.812500
vt 0.312500 0.312500
vt 0.312500 0.750000
vt 0.312500 0.250000
vt 0.281250 0.437500
vt 0.281250 0.375000
vt 0.281250 0.875000
vt 0.281250 0.812500
vt 0.281250 0.312500
vt 0.281250 0.750000
vt 0.281250 0.250000
vt 0.281250 0.687500
vt 0.281250 0.187500
vt 0.281250 0.625000
vt 0.281250 0.125000
vt 0.281250 0.562500
vt 0.281250 0.062500
vt 0.281250 0.500000
vt 0.296875 1.000000
vt 0.281250 0.937500
vt 0.296875 0.000000
vt 0.250000 0.187500
vt 0.250000 0.125000
vt 0.250000 0.625000
vt 0.250000 0.562500
vt 0.250000 0.062500
vt 0.250000 0.500000
vt 0.265625 1.000000
vt 0.250000 0.937500
vt 0.265625 0.000000
vt 0.250000 0.437500
vt 0.250000 0.875000
vt 0.250000 0.375000
vt 0.250000 0.812500
vt 0.250000 0.312500
vt 0.250000 0.750000
vt 0.250000 0.250000
vt 0.250000 0.687500
vt 0.218750 0.375000
vt 0.218750 0.312500
vt 0.218750 0.812500
vt 0.218750 0.750000
vt 0.218750 0.250000
vt 0.218750 0.687500
vt 0.218750 0.187500
vt 0.218750 0.625000
vt 0.218750 0.125000
vt 0.218750 0.562500
vt 0.218750 0.062500
vt 0.218750 0.500000
vt 0.234375 1.000000
vt 0.218750 0.937500
vt 0.234375 0.000000
vt 0.218750 0.437500
vt 0.218750 0.875000
vt 0.187500 0.125000
vt 0.187500 0.062500
vt 0.187500 0.562500
vt 0.187500 0.500000
vt 0.203125 1.000000
vt 0.187500 0.937500
vt 0.203125 0.000000
vt 0.187500 0.437500
vt 0.187500 0.875000
vt 0.187500 0.375000
vt 0.187500 0.812500
vt 0.187500 0.312500
vt 0.187500 0.750000
vt 0.187500 0.250000
vt 0.187500 0.687500
vt 0.187500 0.187500
vt 0.187500 0.625000
vt 0.156250 0.812500
vt 0.156250 0.750000
vt 0.156250 0.312500
vt 0.156250 0.250000
vt 0.156250 0.687500
vt 0.156250 0.187500
vt 0.156250 0.625000
vt 0.156250 0.125000
vt 0.156250 0.562500
vt 0.156250 0.062500
vt 0.156250 0.500000
vt 0.171875 1.000000
vt 0.156250 0.937500
vt 0.171875 0.000000
vt 0.156250 0.437500
vt 0.156250 0.875000
vt 0.156250 0.375000
vt 0.125000 0.562500
vt 0.125000 0.500000
vt 0.140625 1.000000
vt 0.125000 0.937500
vt 0.140625 0.000000
vt 0.125000 0.062500
vt 0.125000 0.437500
vt 0.125000 0.875000
vt 0.125000 0.375000
vt 0.125000 0.812500
vt 0.125000 0.312500
vt 0.125000 0.750000
vt 0.125000 0.250000
vt 0.125000 0.687500
vt 0.125000 0.187500
vt 0.125000 0.625000
vt 0.125000 0.125000
vt 0.093750 0.312500
vt 0.093750 0.250000
vt 0.093750 0.750000
vt 0.093750 0.687500
vt 0.093750 0.187500
vt 0.093750 0.625000
vt 0.093750 0.125000
vt 0.093750 0.562500
vt 0.093750 0.062500
vt 0.093750 0.500000
vt 0.109375 1.000000
vt 0.093750 0.937500
vt 0.109375 0.000000
vt 0.093750 0.437500
vt 0.093750 0.875000
vt 0.093750 0.375000
vt 0.093750 0.812500
vt 0.078125 1.000000
vt 0.062500 0.937500
vt 0.078125 0.000000
vt 0.062500 0.062500
vt 0.062500 0.500000
vt 0.062500 0.437500
vt 0.062500 0.875000
vt 0.062500 0.375000
vt 0.062500 0.812500
vt 0.062500 0.312500
vt 0.062500 0.750000
vt 0.062500 0.250000
vt 0.062500 0.687500
vt 0.062500 0.187500
vt 0.062500 0.625000
vt 0.062500 0.125000
vt 0.062500 0.562500
vt 0.031250 0.750000
vt 0.031250 0.687500
vt 0.031250 0.250000
vt 0.031250 0.187500
vt 0.031250 0.625000
vt 0.031250 0.125000
vt 0.031250 0.562500
vt 0.031250 0.062500
vt 0.031250 0.500000
vt 0.046875 1.000000
vt 0.031250 0.937500
vt 0.046875 0.000000
vt 0.031250 0.437500
vt 0.031250 0.875000
vt 0.031250 0.375000
vt 0.031250 0.812500
vt 0.031250 0.312500
vt 0.000000 0.500000
vt 0.000000 0.437500
vt 0.000000 0.937500
vt 0.000000 0.875000
vt 0.000000 0.375000
vt 0.000000 0.812500
vt 0.000000 0.312500
vt 0.000000 0.750000
vt 0.000000 0.250000
vt 0.000000 0.687500
vt 0.000000 0.187500
vt 0.000000 0.625000
vt 0.000000 0.125000
vt 0.000000 0.562500
vt 0.000000 0.062500
vt 0.015625 1.000000
vt 0.015625 0.000000
vt 1.000000 0.187500
vt 1.000000 0.250000
vt 0.968750 0.250000
vt 0.968750 0.187500
vt 1.000000 0.625000
vt 1.000000 0.687500
vt 0.968750 0.687500
vt 0.968750 0.625000
vt 1.000000 0.125000
vt 0.968750 0.125000
vt 1.000000 0.562500
vt 0.968750 0.562500
vt 1.000000 0.062500
vt 0.968750 0.062500
vt 1.000000 0.500000
vt 0.968750 0.500000
vt 1.000000 0.937500
vt 0.984375 1.000000
vt 0.968750 0.937500
vt 0.984375 0.000000
vt 1.000000 0.437500
vt 0.968750 0.437500
vt 1.000000 0.875000
vt 0.968750 0.875000
vt 1.000000 0.375000
vt 0.968750 0.375000
vt 1.000000 0.812500
vt 0.968750 0.812500
vt 1.000000 0.312500
vt 0.968750 0.312500
vt 1.000000 0.750000
vt 0.968750 0.750000
vt 0.937500 0.437500
vt 0.937500 0.375000
vt 0.937500 0.875000
vt 0.937500 0.812500
vt 0.937500 0.312500
vt 0.937500 0.750000
vt 0.937500 0.250000
vt 0.937500 0.687500
vt 0.937500 0.187500
vt 0.937500 0.625000
vt 0.937500 0.125000
vt 0.937500 0.562500
vt 0.937500 0.062500
vt 0.937500 0.500000
vt 0.953125 1.000000
vt 0.937500 0.937500
vt 0.953125 0.000000
vt 0.906250 0.187500
vt 0.906250 0.125000
vt 0.906250 0.625000
vt 0.906250 0.562500
vt 0.906250 0.062500
vt 0.906250 0.500000
vt 0.921875 1.000000
vt 0.906250 0.937500
vt 0.921875 0.000000
vt 0.906250 0.437500
vt 0.906250 0.875000
vt 0.906250 0.375000
vt 0.906250 0.812500
vt 0.906250 0.312500
vt 0.906250 0.750000
vt 0.906250 0.250000
vt 0.906250 0.687500
vt 0.875000 0.875000
vt 0.875000 0.812500
vt 0.875000 0.375000
vt 0.875000 0.312500
vt 0.875000 0.750000
vt 0.875000 0.250000
vt 0.875000 0.687500
vt 0.875000 0.187500
vt 0.875000 0.625000
vt 0.875000 0.125000
vt 0.875000 0.562500
vt 0.875000 0.062500
vt 0.875000 0.500000
vt 0.890625 1.000000
vt 0.875000 0.937500
vt 0.890625 0.000000
vt 0.875000 0.437500
vt 0.843750 0.625000
vt 0.843750 0.562500
vt 0.843750 0.125000
vt 0.843750 0.062500
vt 0.843750 0.500000
vt 0.859375 1.000000
vt 0.843750 0.937500
vt 0.859375 0.000000
vt 0.843750 0.437500
vt 0.843750 0.875000
vt 0.843750 0.375000
vt 0.843750 0.812500
vt 0.843750 0.312500
vt 0.843750 0.750000
vt 0.843750 0.250000
vt 0.843750 0.687500
vt 0.843750 0.187500
vt 0.812500 0.375000
vt 0.812500 0.312500
vt 0.812500 0.812500
vt 0.812500 0.750000
vt 0.812500 0.250000
vt 0.812500 0.687500
vt 0.812500 0.187500
vt 0.812500 0.625000
vt 0.812500 0.125000
vt 0.812500 0.562500
vt 0.812500 0.062500
vt 0.812500 0.500000
vt 0.828125 1.000000
vt 0.812500 0.937500
vt 0.828125 0.000000
vt 0.812500 0.437500
vt 0.812500 0.875000
vt 0.781250 0.125000
vt 0.781250 0.062500
vt 0.781250 0.562500
vt 0.781250 0.500000
vt 0.796875 1.000000
vt 0.781250 0.937500
vt 0.796875 0.000000
vt 0.781250 0.437500
vt 0.781250 0.875000
vt 0.781250 0.375000
vt 0.781250 0.812500
vt 0.781250 0.312500
vt 0.781250 0.750000
vt 0.781250 0.250000
vt 0.781250 0.687500
vt 0.781250 0.187500
vt 0.781250 0.625000
vt 0.765625 1.000000
vt 0.765625 0.000000
s 0
usemtl Material.001
f 7/1/1 478/2/1 18/3/1 19/4/1
f 476/5/2 2/6/2 11/7/2 12/8/2
f 479/9/3 7/1/3 19/4/3 20/10/3
f 3/11/4 476/5/4 12/8/4 13/12/4
f 480/13/5 479/9/5 20/10/5 21/14/5
f 477/15/6 3/11/6 13/12/6 14/16/6
f 481/17/7 480/13/7 21/14/7 22/18/7
f 4/19/8 477/15/8 14/16/8 15/20/8
f 482/21/9 481/17/9 22/18/9 23/22/9
f 5/23/10 4/19/10 15/20/10 16/24/10
f 474/25/11 1/26/11 9/27/11
f 8/28/12 482/21/12 23/22/12
f 6/29/13 5/23/13 16/24/13 17/30/13
f 475/31/14 474/25/14 9/27/14 10/32/14
f 478/2/15 6/29/15 17/30/15 18/3/15
f 2/6/16 475/31/16 10/32/16 11/7/16
f 18/3/17 17/30/17 32/33/17 33/34/17
f 11/7/18 10/32/18 25/35/18 26/36/18
f 19/4/19 18/3/19 33/34/19 34/37/19
f 12/8/20 11/7/20 26/36/20 27/38/20
f 20/10/21 19/4/21 34/37/21 35/39/21
f 13/12/22 12/8/22 27/38/22 28/40/22
f 21/14/23 20/10/23 35/39/23 36/41/23
f 14/16/24 13/12/24 28/40/24 29/42/24
f 22/18/25 21/14/25 36/41/25 37/43/25
f 15/20/26 14/16/26 29/42/26 30/44/26
f 23/22/27 22/18/27 37/43/27 38/45/27
f 16/24/28 15/20/28 30/44/28 31/46/28
f 9/27/29 1/47/29 24/48/29
f 8/49/30 23/22/30 38/45/30
f 17/30/31 16/24/31 31/46/31 32/33/31
f 10/32/32 9/27/32 24/48/32 25/35/32
f 37/43/33 36/41/33 51/50/33 52/51/33
f 30/44/34 29/42/34 44/52/34 45/53/34
f 38/45/35 37/43/35 52/51/35 53/54/35
f 31/46/36 30/44/36 45/53/36 46/55/36
f 24/48/37 1/56/37 39/57/37
f 8/58/38 38/45/38 53/54/38
f 32/33/39 31/46/39 46/55/39 47/59/39
f 25/35/40 24/48/40 39/57/40 40/60/40
f 33/34/41 32/33/41 47/59/41 48/61/41
f 26/36/42 25/35/42 40/60/42 41/62/42
f 34/37/43 33/34/43 48/61/43 49/63/43
f 27/38/44 26/36/44 41/62/44 42/64/44
f 35/39/45 34/37/45 49/63/45 50/65/45
f 28/40/46 27/38/46 42/64/46 43/66/46
f 36/41/47 35/39/47 50/65/47 51/50/47
f 29/42/48 28/40/48 43/66/48 44/52/48
f 41/62/49 40/60/49 55/67/49 56/68/49
f 49/63/50 48/61/50 63/69/50 64/70/50
f 42/64/51 41/62/51 56/68/51 57/71/51
f 50/65/52 49/63/52 64/70/52 65/72/52
f 43/66/53 42/64/53 57/71/53 58/73/53
f 51/50/54 50/65/54 65/72/54 66/74/54
f 44/52/55 43/66/55 58/73/55 59/75/55
f 52/51/56 51/50/56 66/74/56 67/76/56
f 45/53/57 44/52/57 59/75/57 60/77/57
f 53/54/58 52/51/58 67/76/58 68/78/58
f 46/55/59 45/53/59 60/77/59 61/79/59
f 39/57/60 1/80/60 54/81/60
f 8/82/61 53/54/61 68/78/61
f 47/59/62 46/55/62 61/79/62 62/83/62
f 40/60/63 39/57/63 54/81/63 55/67/63
f 48/61/64 47/59/64 62/83/64 63/69/64
f 60/77/65 59/75/65 74/84/65 75/85/65
f 68/78/66 67/76/66 82/86/66 83/87/66
f 61/79/67 60/77/67 75/85/67 76/88/67
f 54/81/68 1/89/68 69/90/68
f 8/91/69 68/78/69 83/87/69
f 62/83/70 61/79/70 76/88/70 77/92/70
f 55/67/71 54/81/71 69/90/71 70/93/71
f 63/69/72 62/83/72 77/92/72 78/94/72
f 56/68/73 55/67/73 70/93/73 71/95/73
f 64/70/74 63/69/74 78/94/74 79/96/74
f 57/71/75 56/68/75 71/95/75 72/97/75
f 65/72/76 64/70/76 79/96/76 80/98/76
f 58/73/77 57/71/77 72/97/77 73/99/77
f 66/74/78 65/72/78 80/98/78 81/100/78
f 59/75/79 58/73/79 73/99/79 74/84/79
f 67/76/80 66/74/80 81/100/80 82/86/80
f 79/96/81 78/94/81 93/101/81 94/102/81
f 72/97/82 71/95/82 86/103/82 87/104/82
f 80/98/83 79/96/83 94/102/83 95/105/83
f 73/99/84 72/97/84 87/104/84 88/106/84
f 81/100/85 80/98/85 95/105/85 96/107/85
f 74/84/86 73/99/86 88/106/86 89/108/86
f 82/86/87 81/100/87 96/107/87 97/109/87
f 75/85/88 74/84/88 89/108/88 90/110/88
f 83/87/89 82/86/89 97/109/89 98/111/89
f 76/88/90 75/85/90 90/110/90 91/112/90
f 69/90/91 1/113/91 84/114/91
f 8/115/92 83/87/92 98/111/92
f 77/92/93 76/88/93 91/112/93 92/116/93
f 70/93/94 69/90/94 84/114/94 85/117/94
f 78/94/95 77/92/95 92/116/95 93/101/95
f 71/95/96 70/93/96 85/117/96 86/103/96
f 98/111/97 97/109/97 112/118/97 113/119/97
f 91/112/98 90/110/98 105/120/98 106/121/98
f 84/114/99 1/122/99 99/123/99
f 8/124/100 98/111/100 113/119/100
f 92/116/101 91/112/101 106/121/101 107/125/101
f 85/117/102 84/114/102 99/123/102 100/126/102
f 93/101/103 92/116/103 107/125/103 108/127/103
f 86/103/104 85/117/104 100/126/104 101/128/104
f 94/102/105 93/101/105 108/127/105 109/129/105
f 87/104/106 86/103/106 101/128/106 102/130/106
f 95/105/107 94/102/107 109/129/107 110/131/107
f 88/106/108 87/104/108 102/130/108 103/132/108
f 96/107/109 95/105/109 110/131/109 111/133/109
f 89/108/110 88/106/110 103/132/110 104/134/110
f 97/109/111 96/107/111 111/133/111 112/118/111
f 90/110/112 89/108/112 104/134/112 105/120/112
f 110/131/113 109/129/113 124/135/113 125/136/113
f 103/132/114 102/130/114 117/137/114 118/138/114
f 111/133/115 110/131/115 125/136/115 126/139/115
f 104/134/116 103/132/116 118/138/116 119/140/116
f 112/118/117 111/133/117 126/139/117 127/141/117
f 105/120/118 104/134/118 119/140/118 120/142/118
f 113/119/119 112/118/119 127/141/119 128/143/119
f 106/121/120 105/120/120 120/142/120 121/144/120
f 99/123/121 1/145/121 114/146/121
f 8/147/122 113/119/122 128/143/122
f 107/125/123 106/121/123 121/144/123 122/148/123
f 100/126/124 99/123/124 114/146/124 115/149/124
f 108/127/125 107/125/125 122/148/125 123/150/125
f 101/128/126 100/126/126 115/149/126 116/151/126
f 109/129/127 108/127/127 123/150/127 124/135/127
f 102/130/128 101/128/128 116/151/128 117/137/128
f 114/146/129 1/152/129 129/153/129
f 8/154/130 128/143/130 143/155/130
f 122/148/131 121/144/131 136/156/131 137/157/131
f 115/149/132 114/146/132 129/153/132 130/158/132
f 123/150/133 122/148/133 137/157/133 138/159/133
f 116/151/134 115/149/134 130/158/134 131/160/134
f 124/135/135 123/150/135 138/159/135 139/161/135
f 117/137/136 116/151/136 131/160/136 132/162/136
f 125/136/137 124/135/137 139/161/137 140/163/137
f 118/138/138 117/137/138 132/162/138 133/164/138
f 126/139/139 125/136/139 140/163/139 141/165/139
f 119/140/140 118/138/140 133/164/140 134/166/140
f 127/141/141 126/139/141 141/165/141 142/167/141
f 120/142/142 119/140/142 134/166/142 135/168/142
f 128/143/143 127/141/143 142/167/143 143/155/143
f 121/144/144 120/142/144 135/168/144 136/156/144
f 133/164/145 132/162/145 147/169/145 148/170/145
f 141/165/146 140/163/146 155/171/146 156/172/146
f 134/166/147 133/164/147 148/170/147 149/173/147
f 142/167/148 141/165/148 156/172/148 157/174/148
f 135/168/149 134/166/149 149/173/149 150/175/149
f 143/155/150 142/167/150 157/174/150 158/176/150
f 136/156/151 135/168/151 150/175/151 151/177/151
f 129/153/152 1/178/152 144/179/152
f 8/180/153 143/155/153 158/176/153
f 137/157/154 136/156/154 151/177/154 152/181/154
f 130/158/155 129/153/155 144/179/155 145/182/155
f 138/159/156 137/157/156 152/181/156 153/183/156
f 131/160/157 130/158/157 145/182/157 146/184/157
f 139/161/158 138/159/158 153/183/158 154/185/158
f 132/162/159 131/160/159 146/184/159 147/169/159
f 140/163/160 139/161/160 154/185/160 155/171/160
f 152/181/161 151/177/161 166/186/161 167/187/161
f 145/182/162 144/179/162 159/188/162 160/189/162
f 153/183/163 152/181/163 167/187/163 168/190/163
f 146/184/164 145/182/164 160/189/164 161/191/164
f 154/185/165 153/183/165 168/190/165 169/192/165
f 147/169/166 146/184/166 161/191/166 162/193/166
f 155/171/167 154/185/167 169/192/167 170/194/167
f 148/170/168 147/169/168 162/193/168 163/195/168
f 156/172/169 155/171/169 170/194/169 171/196/169
f 149/173/170 148/170/170 163/195/170 164/197/170
f 157/174/171 156/172/171 171/196/171 172/198/171
f 150/175/172 149/173/172 164/197/172 165/199/172
f 158/176/173 157/174/173 172/198/173 173/200/173
f 151/177/174 150/175/174 165/199/174 166/186/174
f 144/179/175 1/201/175 159/188/175
f 8/202/176 158/176/176 173/200/176
f 171/196/177 170/194/177 185/203/177 186/204/177
f 164/197/178 163/195/178 178/205/178 179/206/178
f 172/198/179 171/196/179 186/204/179 187/207/179
f 165/199/180 164/197/180 179/206/180 180/208/180
f 173/200/181 172/198/181 187/207/181 188/209/181
f 166/186/182 165/199/182 180/208/182 181/210/182
f 159/188/183 1/211/183 174/212/183
f 8/213/184 173/200/184 188/209/184
f 167/187/185 166/186/185 181/210/185 182/214/185
f 160/189/186 159/188/186 174/212/186 175/215/186
f 168/190/187 167/187/187 182/214/187 183/216/187
f 161/191/188 160/189/188 175/215/188 176/217/188
f 169/192/189 168/190/189 183/216/189 184/218/189
f 162/193/190 161/191/190 176/217/190 177/219/190
f 170/194/191 169/192/191 184/218/191 185/203/191
f 163/195/192 162/193/192 177/219/192 178/205/192
f 175/215/193 174/212/193 189/220/193 190/221/193
f 183/216/194 182/214/194 197/222/194 198/223/194
f 176/217/195 175/215/195 190/221/195 191/224/195
f 184/218/196 183/216/196 198/223/196 199/225/196
f 177/219/197 176/217/197 191/224/197 192/226/197
f 185/203/198 184/218/198 199/225/198 200/227/198
f 178/205/199 177/219/199 192/226/199 193/228/199
f 186/204/200 185/203/200 200/227/200 201/229/200
f 179/206/201 178/205/201 193/228/201 194/230/201
f 187/207/202 186/204/202 201/229/202 202/231/202
f 180/208/203 179/206/203 194/230/203 195/232/203
f 188/209/204 187/207/204 202/231/204 203/233/204
f 181/210/205 180/208/205 195/232/205 196/234/205
f 174/212/206 1/235/206 189/220/206
f 8/236/207 188/209/207 203/233/207
f 182/214/208 181/210/208 196/234/208 197/222/208
f 194/230/209 193/228/209 208/237/209 209/238/209
f 202/231/210 201/229/210 216/239/210 217/240/210
f 195/232/211 194/230/211 209/238/211 210/241/211
f 203/233/212 202/231/212 217/240/212 218/242/212
f 196/234/213 195/232/213 210/241/213 211/243/213
f 189/220/214 1/244/214 204/245/214
f 8/246/215 203/233/215 218/242/215
f 197/222/216 196/234/216 211/243/216 212/247/216
f 190/221/217 189/220/217 204/245/217 205/248/217
f 198/223/218 197/222/218 212/247/218 213/249/218
f 191/224/219 190/221/219 205/248/219 206/250/219
f 199/225/220 198/223/220 213/249/220 214/251/220
f 192/226/221 191/224/221 206/250/221 207/252/221
f 200/227/222 199/225/222 214/251/222 215/253/222
f 193/228/223 192/226/223 207/252/223 208/237/223
f 201/229/224 200/227/224 215/253/224 216/239/224
f 213/249/225 212/247/225 227/254/225 228/255/225
f 206/250/226 205/248/226 220/256/226 221/257/226
f 214/251/227 213/249/227 228/255/227 229/258/227
f 207/252/228 206/250/228 221/257/228 222/259/228
f 215/253/229 214/251/229 229/258/229 230/260/229
f 208/237/230 207/252/230 222/259/230 223/261/230
f 216/239/231 215/253/231 230/260/231 231/262/231
f 209/238/232 208/237/232 223/261/232 224/263/232
f 217/240/233 216/239/233 231/262/233 232/264/233
f 210/241/234 209/238/234 224/263/234 225/265/234
f 218/242/235 217/240/235 232/264/235 233/266/235
f 211/243/236 210/241/236 225/265/236 226/267/236
f 204/245/237 1/268/237 219/269/237
f 8/270/238 218/242/238 233/266/238
f 212/247/239 211/243/239 226/267/239 227/254/239
f 205/248/240 204/245/240 219/269/240 220/256/240
f 232/264/241 231/262/241 246/271/241 247/272/241
f 225/265/242 224/263/242 239/273/242 240/274/242
f 233/266/243 232/264/243 247/272/243 248/275/243
f 226/267/244 225/265/244 240/274/244 241/276/244
f 219/269/245 1/277/245 234/278/245
f 8/279/246 233/266/246 248/275/246
f 227/254/247 226/267/247 241/276/247 242/280/247
f 220/256/248 219/269/248 234/278/248 235/281/248
f 228/255/249 227/254/249 242/280/249 243/282/249
f 221/257/250 220/256/250 235/281/250 236/283/250
f 229/258/251 228/255/251 243/282/251 244/284/251
f 222/259/252 221/257/252 236/283/252 237/285/252
f 230/260/253 229/258/253 244/284/253 245/286/253
f 223/261/254 222/259/254 237/285/254 238/287/254
f 231/262/255 230/260/255 245/286/255 246/271/255
f 224/263/256 223/261/256 238/287/256 239/273/256
f 244/284/257 243/282/257 258/288/257 259/289/257
f 237/285/258 236/283/258 251/290/258 252/291/258
f 245/286/259 244/284/259 259/289/259 260/292/259
f 238/287/260 237/285/260 252/291/260 253/293/260
f 246/271/261 245/286/261 260/292/261 261/294/261
f 239/273/262 238/287/262 253/293/262 254/295/262
f 247/272/263 246/271/263 261/294/263 262/296/263
f 240/274/264 239/273/264 254/295/264 255/297/264
f 248/275/265 247/272/265 262/296/265 263/298/265
f 241/276/266 240/274/266 255/297/266 256/299/266
f 234/278/267 1/300/267 249/301/267
f 8/302/268 248/275/268 263/298/268
f 242/280/269 241/276/269 256/299/269 257/303/269
f 235/281/270 234/278/270 249/301/270 250/304/270
f 243/282/271 242/280/271 257/303/271 258/288/271
f 236/283/272 235/281/272 250/304/272 251/290/272
f 263/298/273 262/296/273 277/305/273 278/306/273
f 256/299/274 255/297/274 270/307/274 271/308/274
f 249/301/275 1/309/275 264/310/275
f 8/311/276 263/298/276 278/306/276
f 257/303/277 256/299/277 271/308/277 272/312/277
f 250/304/278 249/301/278 264/310/278 265/313/278
f 258/288/279 257/303/279 272/312/279 273/314/279
f 251/290/280 250/304/280 265/313/280 266/315/280
f 259/289/281 258/288/281 273/314/281 274/316/281
f 252/291/282 251/290/282 266/315/282 267/317/282
f 260/292/283 259/289/283 274/316/283 275/318/283
f 253/293/284 252/291/284 267/317/284 268/319/284
f 261/294/285 260/292/285 275/318/285 276/320/285
f 254/295/286 253/293/286 268/319/286 269/321/286
f 262/296/287 261/294/287 276/320/287 277/305/287
f 255/297/288 254/295/288 269/321/288 270/307/288
f 267/317/289 266/315/289 281/322/289 282/323/289
f 275/318/290 274/316/290 289/324/290 290/325/290
f 268/319/291 267/317/291 282/323/291 283/326/291
f 276/320/292 275/318/292 290/325/292 291/327/292
f 269/321/293 268/319/293 283/326/293 284/328/293
f 277/305/294 276/320/294 291/327/294 292/329/294
f 270/307/295 269/321/295 284/328/295 285/330/295
f 278/306/296 277/305/296 292/329/296 293/331/296
f 271/308/297 270/307/297 285/330/297 286/332/297
f 264/310/298 1/333/298 279/334/298
f 8/335/299 278/306/299 293/331/299
f 272/312/300 271/308/300 286/332/300 287/336/300
f 265/313/301 264/310/301 279/334/301 280/337/301
f 273/314/302 272/312/302 287/336/302 288/338/302
f 266/315/303 265/313/303 280/337/303 281/322/303
f 274/316/304 273/314/304 288/338/304 289/324/304
f 286/332/305 285/330/305 300/339/305 301/340/305
f 279/334/306 1/341/306 294/342/306
f 8/343/307 293/331/307 308/344/307
f 287/336/308 286/332/308 301/340/308 302/345/308
f 280/337/309 279/334/309 294/342/309 295/346/309
f 288/338/310 287/336/310 302/345/310 303/347/310
f 281/322/311 280/337/311 295/346/311 296/348/311
f 289/324/312 288/338/312 303/347/312 304/349/312
f 282/323/313 281/322/313 296/348/313 297/350/313
f 290/325/314 289/324/314 304/349/314 305/351/314
f 283/326/315 282/323/315 297/350/315 298/352/315
f 291/327/316 290/325/316 305/351/316 306/353/316
f 284/328/317 283/326/317 298/352/317 299/354/317
f 292/329/318 291/327/318 306/353/318 307/355/318
f 285/330/319 284/328/319 299/354/319 300/339/319
f 293/331/320 292/329/320 307/355/320 308/344/320
f 305/351/321 304/349/321 319/356/321 320/357/321
f 298/352/322 297/350/322 312/358/322 313/359/322
f 306/353/323 305/351/323 320/357/323 321/360/323
f 299/354/324 298/352/324 313/359/324 314/361/324
f 307/355/325 306/353/325 321/360/325 322/362/325
f 300/339/326 299/354/326 314/361/326 315/363/326
f 308/344/327 307/355/327 322/362/327 323/364/327
f 301/340/328 300/339/328 315/363/328 316/365/328
f 294/342/329 1/366/329 309/367/329
f 8/368/330 308/344/330 323/364/330
f 302/345/331 301/340/331 316/365/331 317/369/331
f 295/346/332 294/342/332 309/367/332 310/370/332
f 303/347/333 302/345/333 317/369/333 318/371/333
f 296/348/334 295/346/334 310/370/334 311/372/334
f 304/349/335 303/347/335 318/371/335 319/356/335
f 297/350/336 296/348/336 311/372/336 312/358/336
f 309/367/337 1/373/337 324/374/337
f 8/375/338 323/364/338 338/376/338
f 317/369/339 316/365/339 331/377/339 332/378/339
f 310/370/340 309/367/340 324/374/340 325/379/340
f 318/371/341 317/369/341 332/378/341 333/380/341
f 311/372/342 310/370/342 325/379/342 326/381/342
f 319/356/343 318/371/343 333/380/343 334/382/343
f 312/358/344 311/372/344 326/381/344 327/383/344
f 320/357/345 319/356/345 334/382/345 335/384/345
f 313/359/346 312/358/346 327/383/346 328/385/346
f 321/360/347 320/357/347 335/384/347 336/386/347
f 314/361/348 313/359/348 328/385/348 329/387/348
f 322/362/349 321/360/349 336/386/349 337/388/349
f 315/363/350 314/361/350 329/387/350 330/389/350
f 323/364/351 322/362/351 337/388/351 338/376/351
f 316/365/352 315/363/352 330/389/352 331/377/352
f 328/385/353 327/383/353 342/390/353 343/391/353
f 336/386/354 335/384/354 350/392/354 351/393/354
f 329/387/355 328/385/355 343/391/355 344/394/355
f 337/388/356 336/386/356 351/393/356 352/395/356
f 330/389/357 329/387/357 344/394/357 345/396/357
f 338/376/358 337/388/358 352/395/358 353/397/358
f 331/377/359 330/389/359 345/396/359 346/398/359
f 324/374/360 1/399/360 339/400/360
f 8/401/361 338/376/361 353/397/361
f 332/378/362 331/377/362 346/398/362 347/402/362
f 325/379/363 324/374/363 339/400/363 340/403/363
f 333/380/364 332/378/364 347/402/364 348/404/364
f 326/381/365 325/379/365 340/403/365 341/405/365
f 334/382/366 333/380/366 348/404/366 349/406/366
f 327/383/367 326/381/367 341/405/367 342/390/367
f 335/384/368 334/382/368 349/406/368 350/392/368
f 347/402/369 346/398/369 361/407/369 362/408/369
f 340/403/370 339/400/370 354/409/370 355/410/370
f 348/404/371 347/402/371 362/408/371 363/411/371
f 341/405/372 340/403/372 355/410/372 356/412/372
f 349/406/373 348/404/373 363/411/373 364/413/373
f 342/390/374 341/405/374 356/412/374 357/414/374
f 350/392/375 349/406/375 364/413/375 365/415/375
f 343/391/376 342/390/376 357/414/376 358/416/376
f 351/393/377 350/392/377 365/415/377 366/417/377
f 344/394/378 343/391/378 358/416/378 359/418/378
f 352/395/379 351/393/379 366/417/379 367/419/379
f 345/396/380 344/394/380 359/418/380 360/420/380
f 353/397/381 352/395/381 367/419/381 368/421/381
f 346/398/382 345/396/382 360/420/382 361/407/382
f 339/400/383 1/422/383 354/409/383
f 8/423/384 353/397/384 368/421/384
f 366/424/385 365/425/385 380/426/385 381/427/385
f 359/428/386 358/429/386 373/430/386 374/431/386
f 367/432/387 366/424/387 381/427/387 382/433/387
f 360/434/388 359/428/388 374/431/388 375/435/388
f 368/436/389 367/432/389 382/433/389 383/437/389
f 361/438/390 360/434/390 375/435/390 376/439/390
f 354/440/391 1/441/391 369/442/391
f 8/443/392 368/436/392 383/437/392
f 362/444/393 361/438/393 376/439/393 377/445/393
f 355/446/394 354/440/394 369/442/394 370/447/394
f 363/448/395 362/444/395 377/445/395 378/449/395
f 356/450/396 355/446/396 370/447/396 371/451/396
f 364/452/397 363/448/397 378/449/397 379/453/397
f 357/454/398 356/450/398 371/451/398 372/455/398
f 365/425/399 364/452/399 379/453/399 380/426/399
f 358/429/400 357/454/400 372/455/400 373/430/400
f 378/449/401 377/445/401 392/456/401 393/457/401
f 371/451/402 370/447/402 385/458/402 386/459/402
f 379/453/403 378/449/403 393/457/403 394/460/403
f 372/455/404 371/451/404 386/459/404 387/461/404
f 380/426/405 379/453/405 394/460/405 395/462/405
f 373/430/406 372/455/406 387/461/406 388/463/406
f 381/427/407 380/426/407 395/462/407 396/464/407
f 374/431/408 373/430/408 388/463/408 389/465/408
f 382/433/409 381/427/409 396/464/409 397/466/409
f 375/435/410 374/431/410 389/465/410 390/467/410
f 383/437/411 382/433/411 397/466/411 398/468/411
f 376/439/412 375/435/412 390/467/412 391/469/412
f 369/442/413 1/470/413 384/471/413
f 8/472/414 383/437/414 398/468/414
f 377/445/415 376/439/415 391/469/415 392/456/415
f 370/447/416 369/442/416 384/471/416 385/458/416
f 397/466/417 396/464/417 411/473/417 412/474/417
f 390/467/418 389/465/418 404/475/418 405/476/418
f 398/468/419 397/466/419 412/474/419 413/477/419
f 391/469/420 390/467/420 405/476/420 406/478/420
f 384/471/421 1/479/421 399/480/421
f 8/481/422 398/468/422 413/477/422
f 392/456/423 391/469/423 406/478/423 407/482/423
f 385/458/424 384/471/424 399/480/424 400/483/424
f 393/457/425 392/456/425 407/482/425 408/484/425
f 386/459/426 385/458/426 400/483/426 401/485/426
f 394/460/427 393/457/427 408/484/427 409/486/427
f 387/461/428 386/459/428 401/485/428 402/487/428
f 395/462/429 394/460/429 409/486/429 410/488/429
f 388/463/430 387/461/430 402/487/430 403/489/430
f 396/464/431 395/462/431 410/488/431 411/473/431
f 389/465/432 388/463/432 403/489/432 404/475/432
f 401/485/433 400/483/433 415/490/433 416/491/433
f 409/486/434 408/484/434 423/492/434 424/493/434
f 402/487/435 401/485/435 416/491/435 417/494/435
f 410/488/436 409/486/436 424/493/436 425/495/436
f 403/489/437 402/487/437 417/494/437 418/496/437
f 411/473/438 410/488/438 425/495/438 426/497/438
f 404/475/439 403/489/439 418/496/439 419/498/439
f 412/474/440 411/473/440 426/497/440 427/499/440
f 405/476/441 404/475/441 419/498/441 420/500/441
f 413/477/442 412/474/442 427/499/442 428/501/442
f 406/478/443 405/476/443 420/500/443 421/502/443
f 399/480/444 1/503/444 414/504/444
f 8/505/445 413/477/445 428/501/445
f 407/482/446 406/478/446 421/502/446 422/506/446
f 400/483/447 399/480/447 414/504/447 415/490/447
f 408/484/448 407/482/448 422/506/448 423/492/448
f 420/500/449 419/498/449 434/507/449 435/508/449
f 428/501/450 427/499/450 442/509/450 443/510/450
f 421/502/451 420/500/451 435/508/451 436/511/451
f 414/504/452 1/512/452 429/513/452
f 8/514/453 428/501/453 443/510/453
f 422/506/454 421/502/454 436/511/454 437/515/454
f 415/490/455 414/504/455 429/513/455 430/516/455
f 423/492/456 422/506/456 437/515/456 438/517/456
f 416/491/457 415/490/457 430/516/457 431/518/457
f 424/493/458 423/492/458 438/517/458 439/519/458
f 417/494/459 416/491/459 431/518/459 432/520/459
f 425/495/460 424/493/460 439/519/460 440/521/460
f 418/496/461 417/494/461 432/520/461 433/522/461
f 426/497/462 425/495/462 440/521/462 441/523/462
f 419/498/463 418/496/463 433/522/463 434/507/463
f 427/499/464 426/497/464 441/523/464 442/509/464
f 439/519/465 438/517/465 453/524/465 454/525/465
f 432/520/466 431/518/466 446/526/466 447/527/466
f 440/521/467 439/519/467 454/525/467 455/528/467
f 433/522/468 432/520/468 447/527/468 448/529/468
f 441/523/469 440/521/469 455/528/469 456/530/469
f 434/507/470 433/522/470 448/529/470 449/531/470
f 442/509/471 441/523/471 456/530/471 457/532/471
f 435/508/472 434/507/472 449/531/472 450/533/472
f 443/510/473 442/509/473 457/532/473 458/534/473
f 436/511/474 435/508/474 450/533/474 451/535/474
f 429/513/475 1/536/475 444/537/475
f 8/538/476 443/510/476 458/534/476
f 437/515/477 436/511/477 451/535/477 452/539/477
f 430/516/478 429/513/478 444/537/478 445/540/478
f 438/517/479 437/515/479 452/539/479 453/524/479
f 431/518/480 430/516/480 445/540/480 446/526/480
f 458/534/481 457/532/481 472/541/481 473/542/481
f 451/535/482 450/533/482 465/543/482 466/544/482
f 444/537/483 1/545/483 459/546/483
f 8/547/484 458/534/484 473/542/484
f 452/539/485 451/535/485 466/544/485 467/548/485
f 445/540/486 444/537/486 459/546/486 460/549/486
f 453/524/487 452/539/487 467/548/487 468/550/487
f 446/526/488 445/540/488 460/549/488 461/551/488
f 454/525/489 453/524/489 468/550/489 469/552/489
f 447/527/490 446/526/490 461/551/490 462/553/490
f 455/528/491 454/525/491 469/552/491 470/554/491
f 448/529/492 447/527/492 462/553/492 463/555/492
f 456/530/493 455/528/493 470/554/493 471/556/493
f 449/531/494 448/529/494 463/555/494 464/557/494
f 457/532/495 456/530/495 471/556/495 472/541/495
f 450/533/496 449/531/496 464/557/496 465/543/496
f 462/553/497 461/551/497 2/6/497 476/5/497
f 470/554/498 469/552/498 7/1/498 479/9/498
f 463/555/499 462/553/499 476/5/499 3/11/499
f 471/556/500 470/554/500 479/9/500 480/13/500
f 464/557/501 463/555/501 3/11/501 477/15/501
f 472/541/502 471/556/502 480/13/502 481/17/502
f 465/543/503 464/557/503 477/15/503 4/19/503
f 473/542/504 472/541/504 481/17/504 482/21/504
f 466/544/505 465/543/505 4/19/505 5/23/505
f 459/546/506 1/558/506 474/25/506
f 8/559/507 473/542/507 482/21/507
f 467/548/508 466/544/508 5/23/508 6/29/508
f 460/549/509 459/546/509 474/25/509 475/31/509
f 468/550/510 467/548/510 6/29/510 478/2/510
f 461/551/511 460/549/511 475/31/511 2/6/511
f 469/552/512 468/550/512 478/2/512 7/1/512
o Sphere.001
v -1.000000 1.000000 2.000000
v -1.000000 0.831470 1.444430
v -1.000000 0.555570 1.168530
v -1.000000 0.195090 1.019215
v -1.000000 0.000000 1.000000
v -1.000000 -0.195090 1.019215
v -1.000000 -0.555570 1.168530
v -1.000000 -1.000000 2.000000
v -0.961940 0.980785 1.808658
v -0.925342 0.923880 1.624670
v -0.891614 0.831470 1.455105
v -0.862050 0.707107 1.306480
v -0.837788 0.555570 1.184507
v -0.819760 0.382683 1.093873
v -0.808658 0.195090 1.038060
v -0.804910 0.000000 1.019215
v -0.808658 -0.195090 1.038060
v -0.819760 -0.382683 1.093873
v -0.837788 -0.555570 1.184507
v -0.862050 -0.707107 1.306480
v -0.891614 -0.831470 1.455105
v -0.925342 -0.923880 1.624670
v -0.961940 -0.980785 1.808658
v -0.925342 0.980785 1.819760
v -0.853553 0.923880 1.646447
v -0.787392 0.831470 1.486720
v -0.729402 0.707107 1.346719
v -0.681810 0.555570 1.231822
v -0.646447 0.382683 1.146447
v -0.624670 0.195090 1.093873
v -0.617317 0.000000 1.076121
v -0.624670 -0.195090 1.093873
v -0.646447 -0.382683 1.146447
v -0.681810 -0.555570 1.231822
v -0.729402 -0.707107 1.346719
v -0.787392 -0.831470 1.486720
v -0.853553 -0.923880 1.646447
v -0.925342 -0.980785 1.819760
v -0.891614 0.980785 1.837788
v -0.787392 0.923880 1.681810
v -0.691342 0.831470 1.538060
v -0.607153 0.707107 1.412062
v -0.538060 0.555570 1.308658
v -0.486720 0.382683 1.231822
v -0.455105 0.195090 1.184507
v -0.444430 0.000000 1.168530
v -0.455105 -0.195090 1.184507
v -0.486720 -0.382683 1.231822
v -0.538060 -0.555570 1.308658
v -0.607153 -0.707107 1.412062
v -0.691342 -0.831470 1.538060
v -0.787392 -0.923880 1.681810
v -0.891614 -0.980785 1.837788
v -0.862050 0.980785 1.862050
v -0.729402 0.923880 1.729402
v -0.607153 0.831470 1.607153
v -0.500000 0.707107 1.500000
v -0.412062 0.555570 1.412062
v -0.346719 0.382683 1.346719
v -0.306480 0.195090 1.306480
v -0.292893 0.000000 1.292893
v -0.306480 -0.195090 1.306480
v -0.346719 -0.382683 1.346719
v -0.412062 -0.555570 1.412062
v -0.500000 -0.707107 1.500000
v -0.607153 -0.831470 1.607153
v -0.729402 -0.923880 1.729402
v -0.862050 -0.980785 1.862050
v -0.837788 0.980785 1.891614
v -0.681810 0.923880 1.787392
v -0.538060 0.831470 1.691342
v -0.412062 0.707107 1.607152
v -0.308658 0.555570 1.538060
v -0.231822 0.382683 1.486720
v -0.184507 0.195090 1.455105
v -0.168530 0.000000 1.444430
v -0.184507 -0.195090 1.455105
v -0.231822 -0.382683 1.486720
v -0.308658 -0.555570 1.538060
v -0.412062 -0.707107 1.607152
v -0.538060 -0.831470 1.691342
v -0.681810 -0.923880 1.787392
v -0.837788 -0.980785 1.891614
v -0.819760 0.980785 1.925342
v -0.646447 0.923880 1.853553
v -0.486720 0.831470 1.787392
v -0.346719 0.707107 1.729402
v -0.231822 0.555570 1.681810
v -0.146447 0.382683 1.646447
v -0.093873 0.195090 1.624670
v -0.076121 0.000000 1.617317
v -0.093873 -0.195090 1.624670
v -0.146447 -0.382683 1.646447
v -0.231822 -0.555570 1.681810
v -0.346719 -0.707107 1.729402
v -0.486720 -0.831470 1.787392
v -0.646447 -0.923880 1.853553
v -0.819760 -0.980785 1.925342
v -0.808658 0.980785 1.961940
v -0.624670 0.923880 1.925342
v -0.455105 0.831470 1.891614
v -0.306480 0.707107 1.862050
v -0.184507 0.555570 1.837788
v -0.093873 0.382683 1.819760
v -0.038060 0.195090 1.808658
v -0.019215 0.000000 1.804910
v -0.038060 -0.195090 1.808658
v -0.093873 -0.382683 1.819760
v -0.184507 -0.555570 1.837788
v -0.306480 -0.707107 1.862050
v -0.455105 -0.831470 1.891614
v -0.624670 -0.923880 1.925342
v -0.808658 -0.980785 1.961940
v -0.804910 0.980785 2.000000
v -0.617317 0.923880 2.000000
v -0.444430 0.831470 2.000000
v -0.292893 0.707107 2.000000
v -0.168531 0.555570 2.000000
v -0.076121 0.382683 2.000000
v -0.019215 0.195090 2.000000
v -0.000000 0.000000 2.000000
v -0.019215 -0.195090 2.000000
v -0.076121 -0.382683 2.000000
v -0.168531 -0.555570 2.000000
v -0.292893 -0.707107 2.000000
v -0.444430 -0.831470 2.000000
v -0.617317 -0.923880 2.000000
v -0.804910 -0.980785 2.000000
v -0.808658 0.980785 2.038060
v -0.624670 0.923880 2.074658
v -0.455105 0.831470 2.108387
v -0.306480 0.707107 2.137950
v -0.184507 0.555570 2.162212
v -0.093873 0.382683 2.180240
v -0.038060 0.195090 2.191342
v -0.019215 0.000000 2.195091
v -0.038060 -0.195090 2.191342
v -0.093873 -0.382683 2.180240
v -0.184507 -0.555570 2.162212
v -0.306480 -0.707107 2.137950
v -0.455105 -0.831470 2.108387
v -0.624670 -0.923880 2.074658
v -0.808658 -0.980785 2.038060
v -0.819760 0.980785 2.074658
v -0.646447 0.923880 2.146447
v -0.486720 0.831470 2.212608
v -0.346719 0.707107 2.270598
v -0.231822 0.555570 2.318190
v -0.146447 0.382683 2.353553
v -0.093873 0.195090 2.375330
v -0.076121 0.000000 2.382684
v -0.093873 -0.195090 2.375330
v -0.146447 -0.382683 2.353553
v -0.231822 -0.555570 2.318190
v -0.346719 -0.707107 2.270598
v -0.486720 -0.831470 2.212608
v -0.646447 -0.923880 2.146447
v -0.819760 -0.980785 2.074658
v -0.837788 0.980785 2.108386
v -0.681810 0.923880 2.212608
v -0.538060 0.831470 2.308658
v -0.412062 0.707107 2.392848
v -0.308659 0.555570 2.461940
v -0.231822 0.382683 2.513280
v -0.184507 0.195090 2.544895
v -0.168531 0.000000 2.555570
v -0.184507 -0.195090 2.544895
v -0.231822 -0.382683 2.513280
v -0.308659 -0.555570 2.461940
v -0.412062 -0.707107 2.392848
v -0.538060 -0.831470 2.308658
v -0.681810 -0.923880 2.212608
v -0.837788 -0.980785 2.108386
v -0.862050 0.980785 2.137950
v -0.729402 0.923880 2.270598
v -0.607153 0.831470 2.392848
v -0.500000 0.707107 2.500000
v -0.412062 0.555570 2.587938
v -0.346719 0.382683 2.653281
v -0.306480 0.195090 2.693520
v -0.292894 0.000000 2.707107
v -0.306480 -0.195090 2.693520
v -0.346719 -0.382683 2.653281
v -0.412062 -0.555570 2.587938
v -0.500000 -0.707107 2.500000
v -0.607153 -0.831470 2.392848
v -0.729402 -0.923880 2.270598
v -0.862050 -0.980785 2.137950
v -0.891614 0.980785 2.162212
v -0.787393 0.923880 2.318190
v -0.691342 0.831470 2.461940
v -0.607153 0.707107 2.587938
v -0.538060 0.555570 2.691341
v -0.486720 0.382683 2.768178
v -0.455105 0.195090 2.815493
v -0.444430 0.000000 2.831469
v -0.455105 -0.195090 2.815493
v -0.486720 -0.382683 2.768178
v -0.538060 -0.555570 2.691341
v -0.607153 -0.707107 2.587938
v -0.691342 -0.831470 2.461940
v -0.787393 -0.923880 2.318190
v -0.891614 -0.980785 2.162212
v -0.925342 0.980785 2.180240
v -0.853553 0.923880 2.353553
v -0.787393 0.831470 2.513280
v -0.729402 0.707107 2.653281
v -0.681811 0.555570 2.768178
v -0.646447 0.382683 2.853553
v -0.624670 0.195090 2.906127
v -0.617317 0.000000 2.923879
v -0.624670 -0.195090 2.906127
v -0.646447 -0.382683 2.853553
v -0.681811 -0.555570 2.768178
v -0.729402 -0.707107 2.653281
v -0.787393 -0.831470 2.513280
v -0.853553 -0.923880 2.353553
v -0.925342 -0.980785 2.180240
v -0.961940 0.980785 2.191342
v -0.925342 0.923880 2.375330
v -0.891614 0.831470 2.544895
v -0.862050 0.707107 2.693520
v -0.837788 0.555570 2.815493
v -0.819760 0.382683 2.906127
v -0.808658 0.195090 2.961939
v -0.804910 0.000000 2.980785
v -0.808658 -0.195090 2.961939
v -0.819760 -0.382683 2.906127
v -0.837788 -0.555570 2.815493
v -0.862050 -0.707107 2.693520
v -0.891614 -0.831470 2.544895
v -0.925342 -0.923880 2.375330
v -0.961940 -0.980785 2.191342
v -1.000000 0.980785 2.195090
v -1.000000 0.923880 2.382683
v -1.000000 0.831470 2.555570
v -1.000000 0.707107 2.707107
v -1.000000 0.555570 2.831469
v -1.000000 0.382683 2.923879
v -1.000000 0.195090 2.980785
v -1.000000 0.000000 2.999999
v -1.000000 -0.195090 2.980785
v -1.000000 -0.382683 2.923879
v -1.000000 -0.555570 2.831469
v -1.000000 -0.707107 2.707107
v -1.000000 -0.831470 2.555570
v -1.000000 -0.923880 2.382683
v -1.000000 -0.980785 2.195090
v -1.038060 0.980785 2.191342
v -1.074658 0.923880 2.375330
v -1.108386 0.831470 2.544895
v -1.137950 0.707107 2.693520
v -1.162212 0.555570 2.815493
v -1.180240 0.382683 2.906127
v -1.191342 0.195090 2.961939
v -1.195091 0.000000 2.980784
v -1.191342 -0.195090 2.961939
v -1.180240 -0.382683 2.906127
v -1.162212 -0.555570 2.815493
v -1.137950 -0.707107 2.693520
v -1.108386 -0.831470 2.544895
v -1.074658 -0.923880 2.375330
v -1.038060 -0.980785 2.191342
v -1.074658 0.980785 2.180240
v -1.146447 0.923880 2.353553
v -1.212608 0.831470 2.513280
v -1.270598 0.707107 2.653281
v -1.318190 0.555570 2.768178
v -1.353553 0.382683 2.853553
v -1.375330 0.195090 2.906127
v -1.382684 0.000000 2.923879
v -1.375330 -0.195090 2.906127
v -1.353553 -0.382683 2.853553
v -1.318190 -0.555570 2.768178
v -1.270598 -0.707107 2.653281
v -1.212608 -0.831470 2.513280
v -1.146447 -0.923880 2.353553
v -1.074658 -0.980785 2.180240
v -1.108386 0.980785 2.162212
v -1.212608 0.923880 2.318190
v -1.308658 0.831470 2.461939
v -1.392847 0.707107 2.587938
v -1.461940 0.555570 2.691341
v -1.513280 0.382683 2.768178
v -1.544895 0.195090 2.815493
v -1.555570 0.000000 2.831469
v -1.544895 -0.195090 2.815493
v -1.513280 -0.382683 2.768178
v -1.461940 -0.555570 2.691341
v -1.392847 -0.707107 2.587938
v -1.308658 -0.831470 2.461939
v -1.212608 -0.923880 2.318190
v -1.108386 -0.980785 2.162212
v -1.137950 0.980785 2.137949
v -1.270598 0.923880 2.270598
v -1.392847 0.831470 2.392847
v -1.500000 0.707107 2.500000
v -1.587938 0.555570 2.587937
v -1.653281 0.382683 2.653281
v -1.693520 0.195090 2.693520
v -1.707106 0.000000 2.707106
v -1.693520 -0.195090 2.693520
v -1.653281 -0.382683 2.653281
v -1.587938 -0.555570 2.587937
v -1.500000 -0.707107 2.500000
v -1.392847 -0.831470 2.392847
v -1.270598 -0.923880 2.270598
v -1.137950 -0.980785 2.137949
v -1.162212 0.980785 2.108386
v -1.318190 0.923880 2.212607
v -1.461940 0.831470 2.308658
v -1.587938 0.707107 2.392847
v -1.691341 0.555570 2.461939
v -1.768178 0.382683 2.513280
v -1.815493 0.195090 2.544895
v -1.831469 0.000000 2.555569
v -1.815493 -0.195090 2.544895
v -1.768178 -0.382683 2.513280
v -1.691341 -0.555570 2.461939
v -1.587938 -0.707107 2.392847
v -1.461940 -0.831470 2.308658
v -1.318190 -0.923880 2.212607
v -1.162212 -0.980785 2.108386
v -1.180240 0.980785 2.074658
v -1.353553 0.923880 2.146446
v -1.513280 0.831470 2.212607
v -1.653281 0.707107 2.270598
v -1.768177 0.555570 2.318189
v -1.853553 0.382683 2.353553
v -1.906127 0.195090 2.375330
v -1.923879 0.000000 2.382683
v -1.906127 -0.195090 2.375330
v -1.853553 -0.382683 2.353553
v -1.768177 -0.555570 2.318189
v -1.653281 -0.707107 2.270598
v -1.513280 -0.831470 2.212607
v -1.353553 -0.923880 2.146446
v -1.180240 -0.980785 2.074658
v -1.191342 0.980785 2.038060
v -1.375330 0.923880 2.074658
v -1.544895 0.831470 2.108386
v -1.693520 0.707107 2.137950
v -1.815493 0.555570 2.162211
v -1.906127 0.382683 2.180240
v -1.961939 0.195090 2.191341
v -1.980784 0.000000 2.195090
v -1.961939 -0.195090 2.191341
v -1.906127 -0.382683 2.180240
v -1.815493 -0.555570 2.162211
v -1.693520 -0.707107 2.137950
v -1.544895 -0.831470 2.108386
v -1.375330 -0.923880 2.074658
v -1.191342 -0.980785 2.038060
v -1.195090 0.980785 2.000000
v -1.382683 0.923880 2.000000
v -1.555570 0.831470 2.000000
v -1.707107 0.707107 2.000000
v -1.831469 0.555570 2.000000
v -1.923879 0.382683 2.000000
v -1.980785 0.195090 2.000000
v -1.999999 0.000000 2.000000
v -1.980785 -0.195090 2.000000
v -1.923879 -0.382683 2.000000
v -1.831469 -0.555570 2.000000
v -1.707107 -0.707107 2.000000
v -1.555570 -0.831470 2.000000
v -1.382683 -0.923880 2.000000
v -1.195090 -0.980785 2.000000
v -1.191342 0.980785 1.961940
v -1.375330 0.923880 1.925342
v -1.544895 0.831470 1.891614
v -1.693520 0.707107 1.862050
v -1.815493 0.555570 1.837788
v -1.906127 0.382683 1.819760
v -1.961939 0.195090 1.808658
v -1.980784 0.000000 1.804909
v -1.961939 -0.195090 1.808658
v -1.906127 -0.382683 1.819760
v -1.815493 -0.555570 1.837788
v -1.693520 -0.707107 1.862050
v -1.544895 -0.831470 1.891614
v -1.375330 -0.923880 1.925342
v -1.191342 -0.980785 1.961940
v -1.180240 0.980785 1.925342
v -1.353553 0.923880 1.853553
v -1.513279 0.831470 1.787392
v -1.653281 0.707107 1.729402
v -1.768177 0.555570 1.681810
v -1.853553 0.382683 1.646447
v -1.906127 0.195090 1.624670
v -1.923878 0.000000 1.617316
v -1.906127 -0.195090 1.624670
v -1.853553 -0.382683 1.646447
v -1.768177 -0.555570 1.681810
v -1.653281 -0.707107 1.729402
v -1.513279 -0.831470 1.787392
v -1.353553 -0.923880 1.853553
v -1.180240 -0.980785 1.925342
v -1.162212 0.980785 1.891614
v -1.318189 0.923880 1.787392
v -1.461939 0.831470 1.691342
v -1.587938 0.707107 1.607153
v -1.691341 0.555570 1.538060
v -1.768177 0.382683 1.486720
v -1.815493 0.195090 1.455105
v -1.831468 0.000000 1.444430
v -1.815493 -0.195090 1.455105
v -1.768177 -0.382683 1.486720
v -1.691341 -0.555570 1.538060
v -1.587938 -0.707107 1.607153
v -1.461939 -0.831470 1.691342
v -1.318189 -0.923880 1.787392
v -1.162212 -0.980785 1.891614
v -1.137950 0.980785 1.862050
v -1.270598 0.923880 1.729402
v -1.392847 0.831470 1.607153
v -1.500000 0.707107 1.500000
v -1.587937 0.555570 1.412062
v -1.653281 0.382683 1.346719
v -1.693519 0.195090 1.306480
v -1.707106 0.000000 1.292894
v -1.693519 -0.195090 1.306480
v -1.653281 -0.382683 1.346719
v -1.587937 -0.555570 1.412062
v -1.500000 -0.707107 1.500000
v -1.392847 -0.831470 1.607153
v -1.270598 -0.923880 1.729402
v -1.137950 -0.980785 1.862050
v -1.108386 0.980785 1.837788
v -1.212607 0.923880 1.681810
v -1.308658 0.831470 1.538061
v -1.392847 0.707107 1.412062
v -1.461939 0.555570 1.308659
v -1.513280 0.382683 1.231823
v -1.544895 0.195090 1.184507
v -1.555569 0.000000 1.168531
v -1.544895 -0.195090 1.184507
v -1.513280 -0.382683 1.231823
v -1.461939 -0.555570 1.308659
v -1.392847 -0.707107 1.412062
v -1.308658 -0.831470 1.538061
v -1.212607 -0.923880 1.681810
v -1.108386 -0.980785 1.837788
v -1.074658 0.980785 1.819760
v -1.146446 0.923880 1.646447
v -1.212607 0.831470 1.486721
v -1.270598 0.707107 1.346719
v -1.318189 0.555570 1.231823
v -1.353553 0.382683 1.146447
v -1.375330 0.195090 1.093873
v -1.382683 0.000000 1.076121
v -1.375330 -0.195090 1.093873
v -1.353553 -0.382683 1.146447
v -1.318189 -0.555570 1.231823
v -1.270598 -0.707107 1.346719
v -1.212607 -0.831470 1.486721
v -1.146446 -0.923880 1.646447
v -1.074658 -0.980785 1.819760
v -1.038060 0.980785 1.808658
v -1.074658 0.923880 1.624670
v -1.108386 0.831470 1.455106
v -1.137950 0.707107 1.306480
v -1.162211 0.555570 1.184507
v -1.180240 0.382683 1.093873
v -1.191341 0.195090 1.038061
v -1.195090 0.000000 1.019216
v -1.191341 -0.195090 1.038061
v -1.180240 -0.382683 1.093873
v -1.162211 -0.555570 1.184507
v -1.137950 -0.707107 1.306480
v -1.108386 -0.831470 1.455106
v -1.074658 -0.923880 1.624670
v -1.038060 -0.980785 1.808658
v -1.000000 0.980785 1.804910
v -1.000000 0.923880 1.617317
v -1.000000 0.707107 1.292893
v -1.000000 0.382683 1.076121
v -1.000000 -0.382683 1.076121
v -1.000000 -0.707107 1.292893
v -1.000000 -0.831470 1.444430
v -1.000000 -0.923880 1.617317
v -1.000000 -0.980785 1.804910
vn 0.0975 0.0975 -0.9904
vn 0.0097 0.9951 -0.0980
vn 0.0097 -0.9951 -0.0980
vn 0.0975 -0.0975 -0.9904
vn 0.0286 0.9565 -0.2902
vn 0.0938 -0.2890 -0.9527
vn 0.0464 0.8810 -0.4709
vn 0.0865 -0.4696 -0.8786
vn 0.0624 0.7715 -0.6332
vn 0.0759 -0.6326 -0.7708
vn 0.0759 0.6326 -0.7708
vn 0.0624 -0.7715 -0.6332
vn 0.0865 0.4696 -0.8786
vn 0.0464 -0.8810 -0.4709
vn 0.0938 0.2890 -0.9527
vn 0.0286 -0.9565 -0.2902
vn 0.2779 0.2890 -0.9161
vn 0.0846 -0.9565 -0.2790
vn 0.2889 0.0976 -0.9524
vn 0.0286 0.9951 -0.0942
vn 0.0286 -0.9951 -0.0942
vn 0.2889 -0.0976 -0.9524
vn 0.0846 0.9565 -0.2790
vn 0.2779 -0.2890 -0.9161
vn 0.1374 0.8810 -0.4528
vn 0.2563 -0.4696 -0.8448
vn 0.1847 0.7715 -0.6088
vn 0.2248 -0.6326 -0.7412
vn 0.2248 0.6326 -0.7412
vn 0.1847 -0.7715 -0.6088
vn 0.2563 0.4696 -0.8448
vn 0.1374 -0.8810 -0.4528
vn 0.4162 -0.4696 -0.7786
vn 0.2999 0.7715 -0.5611
vn 0.3651 -0.6326 -0.6831
vn 0.3651 0.6326 -0.6831
vn 0.2999 -0.7715 -0.5611
vn 0.4162 0.4696 -0.7786
vn 0.2230 -0.8810 -0.4173
vn 0.4513 0.2890 -0.8443
vn 0.1374 -0.9565 -0.2571
vn 0.4691 0.0975 -0.8777
vn 0.0464 0.9951 -0.0869
vn 0.0464 -0.9951 -0.0869
vn 0.4691 -0.0975 -0.8777
vn 0.1374 0.9565 -0.2571
vn 0.4513 -0.2890 -0.8443
vn 0.2230 0.8810 -0.4173
vn 0.1850 -0.9565 -0.2254
vn 0.6314 0.0975 -0.7693
vn 0.0625 0.9951 -0.0761
vn 0.0625 -0.9951 -0.0761
vn 0.6314 -0.0975 -0.7693
vn 0.1850 0.9565 -0.2254
vn 0.6073 -0.2890 -0.7400
vn 0.3002 0.8810 -0.3658
vn 0.5601 -0.4696 -0.6825
vn 0.4036 0.7715 -0.4918
vn 0.4913 -0.6326 -0.5987
vn 0.4913 0.6326 -0.5987
vn 0.4036 -0.7715 -0.4918
vn 0.5601 0.4696 -0.6825
vn 0.3002 -0.8810 -0.3658
vn 0.6073 0.2890 -0.7400
vn 0.4918 0.7715 -0.4036
vn 0.5987 -0.6326 -0.4913
vn 0.5987 0.6326 -0.4913
vn 0.4918 -0.7715 -0.4036
vn 0.6825 0.4696 -0.5601
vn 0.3658 -0.8810 -0.3002
vn 0.7400 0.2890 -0.6073
vn 0.2254 -0.9565 -0.1850
vn 0.7693 0.0975 -0.6314
vn 0.0761 0.9951 -0.0625
vn 0.0761 -0.9951 -0.0625
vn 0.7693 -0.0975 -0.6314
vn 0.2254 0.9565 -0.1850
vn 0.7400 -0.2890 -0.6073
vn 0.3658 0.8810 -0.3002
vn 0.6825 -0.4696 -0.5601
vn 0.8777 0.0975 -0.4691
vn 0.0869 0.9951 -0.0464
vn 0.0869 -0.9951 -0.0464
vn 0.8777 -0.0975 -0.4691
vn 0.2571 0.9565 -0.1374
vn 0.8443 -0.2890 -0.4513
vn 0.4173 0.8810 -0.2230
vn 0.7786 -0.4696 -0.4162
vn 0.5611 0.7715 -0.2999
vn 0.6831 -0.6326 -0.3651
vn 0.6831 0.6326 -0.3651
vn 0.5611 -0.7715 -0.2999
vn 0.7786 0.4696 -0.4162
vn 0.4173 -0.8810 -0.2230
vn 0.8443 0.2890 -0.4513
vn 0.2571 -0.9565 -0.1374
vn 0.7412 -0.6326 -0.2248
vn 0.7412 0.6326 -0.2248
vn 0.6088 -0.7715 -0.1847
vn 0.8448 0.4696 -0.2563
vn 0.4528 -0.8810 -0.1374
vn 0.9161 0.2890 -0.2779
vn 0.2790 -0.9565 -0.0846
vn 0.9524 0.0975 -0.2889
vn 0.0942 0.9951 -0.0286
vn 0.0942 -0.9951 -0.0286
vn 0.9524 -0.0975 -0.2889
vn 0.2790 0.9565 -0.0846
vn 0.9161 -0.2890 -0.2779
vn 0.4528 0.8810 -0.1374
vn 0.8448 -0.4696 -0.2563
vn 0.6088 0.7715 -0.1847
vn 0.0980 -0.9951 -0.0097
vn 0.9904 -0.0975 -0.0975
vn 0.2902 0.9565 -0.0286
vn 0.9527 -0.2890 -0.0938
vn 0.4709 0.8810 -0.0464
vn 0.8786 -0.4696 -0.0865
vn 0.6332 0.7715 -0.0624
vn 0.7708 -0.6326 -0.0759
vn 0.7708 0.6326 -0.0759
vn 0.6332 -0.7715 -0.0624
vn 0.8786 0.4696 -0.0865
vn 0.4709 -0.8810 -0.0464
vn 0.9527 0.2890 -0.0938
vn 0.2902 -0.9565 -0.0286
vn 0.9904 0.0975 -0.0975
vn 0.0980 0.9951 -0.0097
vn 0.6332 -0.7715 0.0624
vn 0.8786 0.4696 0.0865
vn 0.4709 -0.8810 0.0464
vn 0.9527 0.2890 0.0938
vn 0.2902 -0.9565 0.0286
vn 0.9904 0.0975 0.0976
vn 0.0980 0.9951 0.0097
vn 0.0980 -0.9951 0.0097
vn 0.9904 -0.0975 0.0976
vn 0.2902 0.9565 0.0286
vn 0.9527 -0.2890 0.0938
vn 0.4709 0.8810 0.0464
vn 0.8786 -0.4696 0.0865
vn 0.6332 0.7715 0.0624
vn 0.7708 -0.6326 0.0759
vn 0.7708 0.6326 0.0759
vn 0.2790 0.9565 0.0846
vn 0.9161 -0.2890 0.2779
vn 0.4528 0.8810 0.1374
vn 0.8448 -0.4696 0.2563
vn 0.6088 0.7715 0.1847
vn 0.7412 -0.6326 0.2248
vn 0.7412 0.6326 0.2248
vn 0.6088 -0.7715 0.1847
vn 0.8448 0.4696 0.2563
vn 0.4528 -0.8810 0.1374
vn 0.9161 0.2890 0.2779
vn 0.2790 -0.9565 0.0846
vn 0.9524 0.0975 0.2889
vn 0.0942 0.9951 0.0286
vn 0.0942 -0.9951 0.0286
vn 0.9524 -0.0975 0.2889
vn 0.7786 0.4696 0.4162
vn 0.4173 -0.8810 0.2230
vn 0.8443 0.2890 0.4513
vn 0.2571 -0.9565 0.1374
vn 0.8777 0.0975 0.4691
vn 0.0869 0.9951 0.0464
vn 0.0869 -0.9951 0.0464
vn 0.8777 -0.0975 0.4691
vn 0.2571 0.9565 0.1374
vn 0.8443 -0.2890 0.4513
vn 0.4173 0.8810 0.2230
vn 0.7786 -0.4696 0.4162
vn 0.5611 0.7715 0.2999
vn 0.6831 -0.6326 0.3651
vn 0.6831 0.6326 0.3651
vn 0.5611 -0.7715 0.2999
vn 0.7400 -0.2890 0.6073
vn 0.3658 0.8810 0.3002
vn 0.6825 -0.4696 0.5601
vn 0.4918 0.7715 0.4036
vn 0.5987 -0.6326 0.4913
vn 0.5987 0.6326 0.4913
vn 0.4918 -0.7715 0.4036
vn 0.6825 0.4696 0.5601
vn 0.3658 -0.8810 0.3002
vn 0.7400 0.2890 0.6073
vn 0.2254 -0.9565 0.1850
vn 0.7693 0.0975 0.6314
vn 0.0761 0.9951 0.0625
vn 0.0761 -0.9951 0.0625
vn 0.7693 -0.0975 0.6314
vn 0.2254 0.9565 0.1850
vn 0.3002 -0.8810 0.3658
vn 0.6073 0.2890 0.7400
vn 0.1850 -0.9565 0.2254
vn 0.6314 0.0975 0.7693
vn 0.0625 0.9951 0.0761
vn 0.0625 -0.9951 0.0761
vn 0.6314 -0.0975 0.7693
vn 0.1850 0.9565 0.2254
vn 0.6073 -0.2890 0.7400
vn 0.3002 0.8810 0.3658
vn 0.5601 -0.4696 0.6825
vn 0.4036 0.7715 0.4918
vn 0.4913 -0.6326 0.5987
vn 0.4913 0.6326 0.5987
vn 0.4036 -0.7715 0.4918
vn 0.5601 0.4696 0.6825
vn 0.2230 0.8810 0.4173
vn 0.4162 -0.4696 0.7786
vn 0.2999 0.7715 0.5611
vn 0.3651 -0.6326 0.6831
vn 0.3651 0.6326 0.6831
vn 0.2999 -0.7715 0.5611
vn 0.4162 0.4696 0.7786
vn 0.2230 -0.8810 0.4173
vn 0.4513 0.2890 0.8443
vn 0.1374 -0.9565 0.2571
vn 0.4691 0.0975 0.8777
vn 0.0464 0.9951 0.0869
vn 0.0464 -0.9951 0.0869
vn 0.4691 -0.0975 0.8777
vn 0.1374 0.9565 0.2571
vn 0.4513 -0.2890 0.8443
vn 0.2779 0.2890 0.9161
vn 0.0846 -0.9565 0.2790
vn 0.2889 0.0975 0.9524
vn 0.0286 0.9951 0.0942
vn 0.0286 -0.9951 0.0942
vn 0.2889 -0.0975 0.9524
vn 0.0846 0.9565 0.2790
vn 0.2779 -0.2890 0.9161
vn 0.1374 0.8810 0.4528
vn 0.2563 -0.4696 0.8448
vn 0.1847 0.7715 0.6088
vn 0.2248 -0.6326 0.7412
vn 0.2248 0.6326 0.7412
vn 0.1847 -0.7715 0.6088
vn 0.2563 0.4696 0.8448
vn 0.1374 -0.8810 0.4528
vn 0.0865 -0.4696 0.8786
vn 0.0624 0.7715 0.6332
vn 0.0759 -0.6326 0.7708
vn 0.0759 0.6326 0.7708
vn 0.0624 -0.7715 0.6332
vn 0.0865 0.4696 0.8786
vn 0.0464 -0.8810 0.4709
vn 0.0938 0.2890 0.9527
vn 0.0286 -0.9565 0.2902
vn 0.0975 0.0975 0.9904
vn 0.0097 0.9951 0.0980
vn 0.0097 -0.9951 0.0980
vn 0.0975 -0.0975 0.9904
vn 0.0286 0.9565 0.2902
vn 0.0938 -0.2890 0.9527
vn 0.0464 0.8810 0.4709
vn -0.0286 -0.9565 0.2902
vn -0.0976 0.0975 0.9904
vn -0.0097 0.9951 0.0980
vn -0.0097 -0.9951 0.0980
vn -0.0976 -0.0975 0.9904
vn -0.0286 0.9565 0.2902
vn -0.0938 -0.2890 0.9527
vn -0.0464 0.8810 0.4709
vn -0.0865 -0.4696 0.8786
vn -0.0624 0.7715 0.6332
vn -0.0759 -0.6326 0.7708
vn -0.0759 0.6326 0.7708
vn -0.0624 -0.7715 0.6332
vn -0.0865 0.4696 0.8786
vn -0.0464 -0.8810 0.4709
vn -0.0938 0.2890 0.9527
vn -0.2248 -0.6326 0.7412
vn -0.2248 0.6326 0.7412
vn -0.1847 -0.7715 0.6088
vn -0.2563 0.4696 0.8448
vn -0.1374 -0.8810 0.4528
vn -0.2779 0.2890 0.9161
vn -0.0846 -0.9565 0.2790
vn -0.2889 0.0975 0.9524
vn -0.0286 0.9951 0.0942
vn -0.0286 -0.9951 0.0942
vn -0.2889 -0.0975 0.9524
vn -0.0846 0.9565 0.2790
vn -0.2779 -0.2890 0.9161
vn -0.1374 0.8810 0.4528
vn -0.2563 -0.4696 0.8448
vn -0.1847 0.7715 0.6088
vn -0.0464 0.9951 0.0869
vn -0.0464 -0.9951 0.0869
vn -0.4691 -0.0975 0.8777
vn -0.1374 0.9565 0.2571
vn -0.4513 -0.2890 0.8443
vn -0.2230 0.8810 0.4173
vn -0.4162 -0.4696 0.7786
vn -0.2999 0.7715 0.5611
vn -0.3651 -0.6326 0.6831
vn -0.3651 0.6326 0.6831
vn -0.2999 -0.7715 0.5611
vn -0.4162 0.4696 0.7786
vn -0.2230 -0.8810 0.4173
vn -0.4513 0.2890 0.8443
vn -0.1374 -0.9565 0.2571
vn -0.4691 0.0975 0.8777
vn -0.4913 0.6326 0.5987
vn -0.4036 -0.7715 0.4918
vn -0.5601 0.4696 0.6825
vn -0.3002 -0.8810 0.3658
vn -0.6073 0.2890 0.7400
vn -0.1850 -0.9565 0.2254
vn -0.6314 0.0975 0.7693
vn -0.0625 0.9951 0.0761
vn -0.0625 -0.9951 0.0761
vn -0.6314 -0.0975 0.7693
vn -0.1850 0.9565 0.2254
vn -0.6073 -0.2890 0.7400
vn -0.3002 0.8810 0.3658
vn -0.5601 -0.4696 0.6825
vn -0.4036 0.7715 0.4918
vn -0.4913 -0.6326 0.5987
vn -0.7693 -0.0975 0.6314
vn -0.2254 0.9565 0.1850
vn -0.7400 -0.2890 0.6073
vn -0.3658 0.8810 0.3002
vn -0.6825 -0.4696 0.5601
vn -0.4918 0.7715 0.4036
vn -0.5987 -0.6326 0.4913
vn -0.5987 0.6326 0.4913
vn -0.4918 -0.7715 0.4036
vn -0.6825 0.4696 0.5601
vn -0.3658 -0.8810 0.3002
vn -0.7400 0.2890 0.6073
vn -0.2254 -0.9565 0.1850
vn -0.7693 0.0975 0.6314
vn -0.0761 0.9951 0.0625
vn -0.0761 -0.9951 0.0625
vn -0.5611 -0.7715 0.2999
vn -0.7786 0.4696 0.4162
vn -0.4173 -0.8810 0.2230
vn -0.8443 0.2890 0.4513
vn -0.2571 -0.9565 0.1374
vn -0.8777 0.0975 0.4691
vn -0.0869 0.9951 0.0464
vn -0.0869 -0.9951 0.0464
vn -0.8777 -0.0975 0.4691
vn -0.2571 0.9565 0.1374
vn -0.8443 -0.2890 0.4513
vn -0.4173 0.8810 0.2230
vn -0.7786 -0.4696 0.4162
vn -0.5611 0.7715 0.2999
vn -0.6831 -0.6326 0.3651
vn -0.6831 0.6326 0.3651
vn -0.2790 0.9565 0.0846
vn -0.9161 -0.2890 0.2779
vn -0.4528 0.8810 0.1374
vn -0.8448 -0.4696 0.2563
vn -0.6088 0.7715 0.1847
vn -0.7412 -0.6326 0.2248
vn -0.7412 0.6326 0.2248
vn -0.6088 -0.7715 0.1847
vn -0.8448 0.4696 0.2563
vn -0.4528 -0.8810 0.1374
vn -0.9161 0.2890 0.2779
vn -0.2790 -0.9565 0.0846
vn -0.9524 0.0975 0.2889
vn -0.0942 0.9951 0.0286
vn -0.0942 -0.9951 0.0286
vn -0.9524 -0.0975 0.2889
vn -0.8786 0.4696 0.0865
vn -0.4709 -0.8810 0.0464
vn -0.9527 0.2890 0.0938
vn -0.2902 -0.9565 0.0286
vn -0.9904 0.0975 0.0975
vn -0.0980 0.9951 0.0097
vn -0.0980 -0.9951 0.0097
vn -0.9904 -0.0975 0.0975
vn -0.2902 0.9565 0.0286
vn -0.9527 -0.2890 0.0938
vn -0.4709 0.8810 0.0464
vn -0.8786 -0.4696 0.0865
vn -0.6332 0.7715 0.0624
vn -0.7708 -0.6326 0.0759
vn -0.7708 0.6326 0.0759
vn -0.6332 -0.7715 0.0624
vn -0.9527 -0.2890 -0.0938
vn -0.4709 0.8810 -0.0464
vn -0.8786 -0.4696 -0.0865
vn -0.6332 0.7715 -0.0624
vn -0.7708 -0.6326 -0.0759
vn -0.7708 0.6326 -0.0759
vn -0.6332 -0.7715 -0.0624
vn -0.8786 0.4696 -0.0865
vn -0.4709 -0.8810 -0.0464
vn -0.9527 0.2890 -0.0938
vn -0.2902 -0.9565 -0.0286
vn -0.9904 0.0975 -0.0976
vn -0.0980 0.9951 -0.0097
vn -0.0980 -0.9951 -0.0097
vn -0.9904 -0.0975 -0.0976
vn -0.2902 0.9565 -0.0286
vn -0.4528 -0.8810 -0.1374
vn -0.9161 0.2890 -0.2779
vn -0.2790 -0.9565 -0.0846
vn -0.9524 0.0975 -0.2889
vn -0.0942 0.9951 -0.0286
vn -0.0942 -0.9951 -0.0286
vn -0.9524 -0.0975 -0.2889
vn -0.2790 0.9565 -0.0846
vn -0.9161 -0.2890 -0.2779
vn -0.4528 0.8810 -0.1374
vn -0.8448 -0.4696 -0.2563
vn -0.6088 0.7715 -0.1847
vn -0.7412 -0.6326 -0.2248
vn -0.7412 0.6326 -0.2248
vn -0.6088 -0.7715 -0.1847
vn -0.8448 0.4696 -0.2563
vn -0.7786 -0.4696 -0.4162
vn -0.5611 0.7715 -0.2999
vn -0.6831 -0.6326 -0.3651
vn -0.6831 0.6326 -0.3651
vn -0.5611 -0.7715 -0.2999
vn -0.7786 0.4696 -0.4162
vn -0.4173 -0.8810 -0.2231
vn -0.8443 0.2890 -0.4513
vn -0.2571 -0.9565 -0.1374
vn -0.8777 0.0975 -0.4691
vn -0.0869 0.9951 -0.0464
vn -0.0869 -0.9951 -0.0464
vn -0.8777 -0.0975 -0.4691
vn -0.2571 0.9565 -0.1374
vn -0.8443 -0.2890 -0.4513
vn -0.4173 0.8810 -0.2231
vn -0.2254 -0.9565 -0.1850
vn -0.7693 0.0975 -0.6314
vn -0.0761 0.9951 -0.0625
vn -0.0761 -0.9951 -0.0625
vn -0.7693 -0.0975 -0.6314
vn -0.2254 0.9565 -0.1850
vn -0.7400 -0.2890 -0.6073
vn -0.3658 0.8810 -0.3002
vn -0.6825 -0.4696 -0.5601
vn -0.4918 0.7715 -0.4036
vn -0.5987 -0.6326 -0.4913
vn -0.5987 0.6326 -0.4913
vn -0.4918 -0.7715 -0.4036
vn -0.6825 0.4696 -0.5601
vn -0.3658 -0.8810 -0.3002
vn -0.7400 0.2890 -0.6073
vn -0.4036 0.7715 -0.4918
vn -0.4913 -0.6326 -0.5987
vn -0.4913 0.6326 -0.5987
vn -0.4036 -0.7715 -0.4918
vn -0.5601 0.4696 -0.6825
vn -0.3002 -0.8810 -0.3658
vn -0.6073 0.2890 -0.7400
vn -0.1850 -0.9565 -0.2254
vn -0.6314 0.0975 -0.7693
vn -0.0625 0.9951 -0.0761
vn -0.0625 -0.9951 -0.0761
vn -0.6314 -0.0975 -0.7693
vn -0.1850 0.9565 -0.2254
vn -0.6073 -0.2890 -0.7400
vn -0.3002 0.8810 -0.3658
vn -0.5601 -0.4696 -0.6825
vn -0.4691 0.0975 -0.8777
vn -0.0464 0.9951 -0.0869
vn -0.0464 -0.9951 -0.0869
vn -0.4691 -0.0975 -0.8777
vn -0.1374 0.9565 -0.2571
vn -0.4513 -0.2890 -0.8443
vn -0.2230 0.8810 -0.4173
vn -0.4162 -0.4696 -0.7786
vn -0.2999 0.7715 -0.5611
vn -0.3651 -0.6326 -0.6831
vn -0.3651 0.6326 -0.6831
vn -0.2999 -0.7715 -0.5611
vn -0.4162 0.4696 -0.7786
vn -0.2230 -0.8810 -0.4173
vn -0.4513 0.2890 -0.8443
vn -0.1374 -0.9565 -0.2571
vn -0.2248 -0.6326 -0.7412
vn -0.2248 0.6326 -0.7412
vn -0.1847 -0.7715 -0.6088
vn -0.2563 0.4696 -0.8448
vn -0.1374 -0.8810 -0.4528
vn -0.2779 0.2890 -0.9161
vn -0.0846 -0.9565 -0.2790
vn -0.2889 0.0975 -0.9524
vn -0.0286 0.9951 -0.0942
vn -0.0286 -0.9951 -0.0942
vn -0.2889 -0.0975 -0.9524
vn -0.0846 0.9565 -0.2790
vn -0.2779 -0.2890 -0.9161
vn -0.1374 0.8810 -0.4528
vn -0.2563 -0.4696 -0.8448
vn -0.1847 0.7715 -0.6088
vn -0.0097 0.9951 -0.0980
vn -0.0097 -0.9951 -0.0980
vn -0.0976 -0.0975 -0.9904
vn -0.0286 0.9565 -0.2902
vn -0.0938 -0.2890 -0.9527
vn -0.0464 0.8810 -0.4709
vn -0.0865 -0.4696 -0.8786
vn -0.0624 0.7715 -0.6332
vn -0.0759 -0.6326 -0.7708
vn -0.0759 0.6326 -0.7708
vn -0.0624 -0.7715 -0.6332
vn -0.0865 0.4696 -0.8786
vn -0.0464 -0.8810 -0.4709
vn -0.0938 0.2890 -0.9527
vn -0.0286 -0.9565 -0.2902
vn -0.0976 0.0975 -0.9904
vt 0.750000 0.500000
vt 0.750000 0.562500
vt 0.718750 0.562500
vt 0.718750 0.500000
vt 0.750000 0.937500
vt 0.734375 1.000000
vt 0.718750 0.937500
vt 0.734375 0.000000
vt 0.750000 0.062500
vt 0.718750 0.062500
vt 0.750000 0.437500
vt 0.718750 0.437500
vt 0.750000 0.875000
vt 0.718750 0.875000
vt 0.750000 0.375000
vt 0.718750 0.375000
vt 0.750000 0.812500
vt 0.718750 0.812500
vt 0.750000 0.312500
vt 0.718750 0.312500
vt 0.750000 0.750000
vt 0.718750 0.750000
vt 0.750000 0.250000
vt 0.718750 0.250000
vt 0.750000 0.687500
vt 0.718750 0.687500
vt 0.750000 0.187500
vt 0.718750 0.187500
vt 0.750000 0.625000
vt 0.718750 0.625000
vt 0.750000 0.125000
vt 0.718750 0.125000
vt 0.687500 0.625000
vt 0.687500 0.562500
vt 0.687500 0.125000
vt 0.687500 0.062500
vt 0.687500 0.500000
vt 0.703125 1.000000
vt 0.687500 0.937500
vt 0.703125 0.000000
vt 0.687500 0.437500
vt 0.687500 0.875000
vt 0.687500 0.375000
vt 0.687500 0.812500
vt 0.687500 0.312500
vt 0.687500 0.750000
vt 0.687500 0.250000
vt 0.687500 0.687500
vt 0.687500 0.187500
vt 0.656250 0.375000
vt 0.656250 0.312500
vt 0.656250 0.812500
vt 0.656250 0.750000
vt 0.656250 0.250000
vt 0.656250 0.687500
vt 0.656250 0.187500
vt 0.656250 0.625000
vt 0.656250 0.125000
vt 0.656250 0.562500
vt 0.656250 0.062500
vt 0.656250 0.500000
vt 0.671875 1.000000
vt 0.656250 0.937500
vt 0.671875 0.000000
vt 0.656250 0.437500
vt 0.656250 0.875000
vt 0.625000 0.125000
vt 0.625000 0.062500
vt 0.625000 0.562500
vt 0.625000 0.500000
vt 0.640625 1.000000
vt 0.625000 0.937500
vt 0.640625 0.000000
vt 0.625000 0.437500
vt 0.625000 0.875000
vt 0.625000 0.375000
vt 0.625000 0.812500
vt 0.625000 0.312500
vt 0.625000 0.750000
vt 0.625000 0.250000
vt 0.625000 0.687500
vt 0.625000 0.187500
vt 0.625000 0.625000
vt 0.593750 0.812500
vt 0.593750 0.750000
vt 0.593750 0.312500
vt 0.593750 0.250000
vt 0.593750 0.687500
vt 0.593750 0.187500
vt 0.593750 0.625000
vt 0.593750 0.125000
vt 0.593750 0.562500
vt 0.593750 0.062500
vt 0.593750 0.500000
vt 0.609375 1.000000
vt 0.593750 0.937500
vt 0.609375 0.000000
vt 0.593750 0.437500
vt 0.593750 0.875000
vt 0.593750 0.375000
vt 0.562500 0.562500
vt 0.562500 0.500000
vt 0.578125 1.000000
vt 0.562500 0.937500
vt 0.578125 0.000000
vt 0.562500 0.062500
vt 0.562500 0.437500
vt 0.562500 0.875000
vt 0.562500 0.375000
vt 0.562500 0.812500
vt 0.562500 0.312500
vt 0.562500 0.750000
vt 0.562500 0.250000
vt 0.562500 0.687500
vt 0.562500 0.187500
vt 0.562500 0.625000
vt 0.562500 0.125000
vt 0.531250 0.312500
vt 0.531250 0.250000
vt 0.531250 0.750000
vt 0.531250 0.687500
vt 0.531250 0.187500
vt 0.531250 0.625000
vt 0.531250 0.125000
vt 0.531250 0.562500
vt 0.531250 0.062500
vt 0.531250 0.500000
vt 0.546875 1.000000
vt 0.531250 0.937500
vt 0.546875 0.000000
vt 0.531250 0.437500
vt 0.531250 0.875000
vt 0.531250 0.375000
vt 0.531250 0.812500
vt 0.515625 0.000000
vt 0.500000 0.062500
vt 0.500000 0.500000
vt 0.500000 0.437500
vt 0.500000 0.937500
vt 0.500000 0.875000
vt 0.500000 0.375000
vt 0.500000 0.812500
vt 0.500000 0.312500
vt 0.500000 0.750000
vt 0.500000 0.250000
vt 0.500000 0.687500
vt 0.500000 0.187500
vt 0.500000 0.625000
vt 0.500000 0.125000
vt 0.500000 0.562500
vt 0.515625 1.000000
vt 0.468750 0.250000
vt 0.468750 0.187500
vt 0.468750 0.687500
vt 0.468750 0.625000
vt 0.468750 0.125000
vt 0.468750 0.562500
vt 0.468750 0.062500
vt 0.468750 0.500000
vt 0.484375 1.000000
vt 0.468750 0.937500
vt 0.484375 0.000000
vt 0.468750 0.437500
vt 0.468750 0.875000
vt 0.468750 0.375000
vt 0.468750 0.812500
vt 0.468750 0.312500
vt 0.468750 0.750000
vt 0.437500 0.937500
vt 0.437500 0.875000
vt 0.437500 0.437500
vt 0.437500 0.375000
vt 0.437500 0.812500
vt 0.437500 0.312500
vt 0.437500 0.750000
vt 0.437500 0.250000
vt 0.437500 0.687500
vt 0.437500 0.187500
vt 0.437500 0.625000
vt 0.437500 0.125000
vt 0.437500 0.562500
vt 0.437500 0.062500
vt 0.437500 0.500000
vt 0.453125 1.000000
vt 0.453125 0.000000
vt 0.406250 0.687500
vt 0.406250 0.625000
vt 0.406250 0.187500
vt 0.406250 0.125000
vt 0.406250 0.562500
vt 0.406250 0.062500
vt 0.406250 0.500000
vt 0.421875 1.000000
vt 0.406250 0.937500
vt 0.421875 0.000000
vt 0.406250 0.437500
vt 0.406250 0.875000
vt 0.406250 0.375000
vt 0.406250 0.812500
vt 0.406250 0.312500
vt 0.406250 0.750000
vt 0.406250 0.250000
vt 0.375000 0.437500
vt 0.375000 0.375000
vt 0.375000 0.875000
vt 0.375000 0.812500
vt 0.375000 0.312500
vt 0.375000 0.750000
vt 0.375000 0.250000
vt 0.375000 0.687500
vt 0.375000 0.187500
vt 0.375000 0.625000
vt 0.375000 0.125000
vt 0.375000 0.562500
vt 0.375000 0.062500
vt 0.375000 0.500000
vt 0.390625 1.000000
vt 0.375000 0.937500
vt 0.390625 0.000000
vt 0.343750 0.187500
vt 0.343750 0.125000
vt 0.343750 0.625000
vt 0.343750 0.562500
vt 0.343750 0.062500
vt 0.343750 0.500000
vt 0.359375 1.000000
vt 0.343750 0.937500
vt 0.359375 0.000000
vt 0.343750 0.437500
vt 0.343750 0.875000
vt 0.343750 0.375000
vt 0.343750 0.812500
vt 0.343750 0.312500
vt 0.343750 0.750000
vt 0.343750 0.250000
vt 0.343750 0.687500
vt 0.312500 0.875000
vt 0.312500 0.812500
vt 0.312500 0.375000
vt 0.312500 0.312500
vt 0.312500 0.750000
vt 0.312500 0.250000
vt 0.312500 0.687500
vt 0.312500 0.187500
vt 0.312500 0.625000
vt 0.312500 0.125000
vt 0.312500 0.562500
vt 0.312500 0.062500
vt 0.312500 0.500000
vt 0.328125 1.000000
vt 0.312500 0.937500
vt 0.328125 0.000000
vt 0.312500 0.437500
vt 0.281250 0.625000
vt 0.281250 0.562500
vt 0.281250 0.125000
vt 0.281250 0.062500
vt 0.281250 0.500000
vt 0.296875 1.000000
vt 0.281250 0.937500
vt 0.296875 0.000000
vt 0.281250 0.437500
vt 0.281250 0.875000
vt 0.281250 0.375000
vt 0.281250 0.812500
vt 0.281250 0.312500
vt 0.281250 0.750000
vt 0.281250 0.250000
vt 0.281250 0.687500
vt 0.281250 0.187500
vt 0.250000 0.375000
vt 0.250000 0.312500
vt 0.250000 0.812500
vt 0.250000 0.750000
vt 0.250000 0.250000
vt 0.250000 0.687500
vt 0.250000 0.187500
vt 0.250000 0.625000
vt 0.250000 0.125000
vt 0.250000 0.562500
vt 0.250000 0.062500
vt 0.250000 0.500000
vt 0.265625 1.000000
vt 0.250000 0.937500
vt 0.265625 0.000000
vt 0.250000 0.437500
vt 0.250000 0.875000
vt 0.218750 0.125000
vt 0.218750 0.062500
vt 0.218750 0.562500
vt 0.218750 0.500000
vt 0.234375 1.000000
vt 0.218750 0.937500
vt 0.234375 0.000000
vt 0.218750 0.437500
vt 0.218750 0.875000
vt 0.218750 0.375000
vt 0.218750 0.812500
vt 0.218750 0.312500
vt 0.218750 0.750000
vt 0.218750 0.250000
vt 0.218750 0.687500
vt 0.218750 0.187500
vt 0.218750 0.625000
vt 0.187500 0.312500
vt 0.187500 0.250000
vt 0.187500 0.750000
vt 0.187500 0.687500
vt 0.187500 0.187500
vt 0.187500 0.625000
vt 0.187500 0.125000
vt 0.187500 0.562500
vt 0.187500 0.062500
vt 0.187500 0.500000
vt 0.203125 1.000000
vt 0.187500 0.937500
vt 0.203125 0.000000
vt 0.187500 0.437500
vt 0.187500 0.875000
vt 0.187500 0.375000
vt 0.187500 0.812500
vt 0.171875 1.000000
vt 0.156250 0.937500
vt 0.171875 0.000000
vt 0.156250 0.062500
vt 0.156250 0.500000
vt 0.156250 0.437500
vt 0.156250 0.875000
vt 0.156250 0.375000
vt 0.156250 0.812500
vt 0.156250 0.312500
vt 0.156250 0.750000
vt 0.156250 0.250000
vt 0.156250 0.687500
vt 0.156250 0.187500
vt 0.156250 0.625000
vt 0.156250 0.125000
vt 0.156250 0.562500
vt 0.125000 0.750000
vt 0.125000 0.687500
vt 0.125000 0.250000
vt 0.125000 0.187500
vt 0.125000 0.625000
vt 0.125000 0.125000
vt 0.125000 0.562500
vt 0.125000 0.062500
vt 0.125000 0.500000
vt 0.140625 1.000000
vt 0.125000 0.937500
vt 0.140625 0.000000
vt 0.125000 0.437500
vt 0.125000 0.875000
vt 0.125000 0.375000
vt 0.125000 0.812500
vt 0.125000 0.312500
vt 0.093750 0.500000
vt 0.093750 0.437500
vt 0.093750 0.937500
vt 0.093750 0.875000
vt 0.093750 0.375000
vt 0.093750 0.812500
vt 0.093750 0.312500
vt 0.093750 0.750000
vt 0.093750 0.250000
vt 0.093750 0.687500
vt 0.093750 0.187500
vt 0.093750 0.625000
vt 0.093750 0.125000
vt 0.093750 0.562500
vt 0.093750 0.062500
vt 0.109375 1.000000
vt 0.109375 0.000000
vt 0.062500 0.250000
vt 0.062500 0.187500
vt 0.062500 0.687500
vt 0.062500 0.625000
vt 0.062500 0.125000
vt 0.062500 0.562500
vt 0.062500 0.062500
vt 0.062500 0.500000
vt 0.078125 1.000000
vt 0.062500 0.937500
vt 0.078125 0.000000
vt 0.062500 0.437500
vt 0.062500 0.875000
vt 0.062500 0.375000
vt 0.062500 0.812500
vt 0.062500 0.312500
vt 0.062500 0.750000
vt 0.031250 0.937500
vt 0.031250 0.875000
vt 0.031250 0.437500
vt 0.031250 0.375000
vt 0.031250 0.812500
vt 0.031250 0.312500
vt 0.031250 0.750000
vt 0.031250 0.250000
vt 0.031250 0.687500
vt 0.031250 0.187500
vt 0.031250 0.625000
vt 0.031250 0.125000
vt 0.031250 0.562500
vt 0.031250 0.062500
vt 0.031250 0.500000
vt 0.046875 1.000000
vt 0.046875 0.000000
vt 0.000000 0.687500
vt 0.000000 0.625000
vt 0.000000 0.187500
vt 0.000000 0.125000
vt 0.000000 0.562500
vt 0.000000 0.062500
vt 0.000000 0.500000
vt 0.015625 1.000000
vt 0.000000 0.937500
vt 0.015625 0.000000
vt 0.000000 0.437500
vt 0.000000 0.875000
vt 0.000000 0.375000
vt 0.000000 0.812500
vt 0.000000 0.312500
vt 0.000000 0.750000
vt 0.000000 0.250000
vt 1.000000 0.375000
vt 1.000000 0.437500
vt 0.968750 0.437500
vt 0.968750 0.375000
vt 1.000000 0.812500
vt 1.000000 0.875000
vt 0.968750 0.875000
vt 0.968750 0.812500
vt 1.000000 0.312500
vt 0.968750 0.312500
vt 1.000000 0.750000
vt 0.968750 0.750000
vt 1.000000 0.250000
vt 0.968750 0.250000
vt 1.000000 0.687500
vt 0.968750 0.687500
vt 1.000000 0.187500
vt 0.968750 0.187500
vt 1.000000 0.625000
vt 0.968750 0.625000
vt 1.000000 0.125000
vt 0.968750 0.125000
vt 1.000000 0.562500
vt 0.968750 0.562500
vt 1.000000 0.062500
vt 0.968750 0.062500
vt 1.000000 0.500000
vt 0.968750 0.500000
vt 1.000000 0.937500
vt 0.984375 1.000000
vt 0.968750 0.937500
vt 0.984375 0.000000
vt 0.937500 0.187500
vt 0.937500 0.125000
vt 0.937500 0.625000
vt 0.937500 0.562500
vt 0.937500 0.062500
vt 0.937500 0.500000
vt 0.953125 1.000000
vt 0.937500 0.937500
vt 0.953125 0.000000
vt 0.937500 0.437500
vt 0.937500 0.875000
vt 0.937500 0.375000
vt 0.937500 0.812500
vt 0.937500 0.312500
vt 0.937500 0.750000
vt 0.937500 0.250000
vt 0.937500 0.687500
vt 0.906250 0.375000
vt 0.906250 0.312500
vt 0.906250 0.812500
vt 0.906250 0.750000
vt 0.906250 0.250000
vt 0.906250 0.687500
vt 0.906250 0.187500
vt 0.906250 0.625000
vt 0.906250 0.125000
vt 0.906250 0.562500
vt 0.906250 0.062500
vt 0.906250 0.500000
vt 0.921875 1.000000
vt 0.906250 0.937500
vt 0.921875 0.000000
vt 0.906250 0.437500
vt 0.906250 0.875000
vt 0.875000 0.125000
vt 0.875000 0.062500
vt 0.875000 0.562500
vt 0.875000 0.500000
vt 0.890625 1.000000
vt 0.875000 0.937500
vt 0.890625 0.000000
vt 0.875000 0.437500
vt 0.875000 0.875000
vt 0.875000 0.375000
vt 0.875000 0.812500
vt 0.875000 0.312500
vt 0.875000 0.750000
vt 0.875000 0.250000
vt 0.875000 0.687500
vt 0.875000 0.187500
vt 0.875000 0.625000
vt 0.843750 0.812500
vt 0.843750 0.750000
vt 0.843750 0.312500
vt 0.843750 0.250000
vt 0.843750 0.687500
vt 0.843750 0.187500
vt 0.843750 0.625000
vt 0.843750 0.125000
vt 0.843750 0.562500
vt 0.843750 0.062500
vt 0.843750 0.500000
vt 0.859375 1.000000
vt 0.843750 0.937500
vt 0.859375 0.000000
vt 0.843750 0.437500
vt 0.843750 0.875000
vt 0.843750 0.375000
vt 0.812500 0.562500
vt 0.812500 0.500000
vt 0.828125 1.000000
vt 0.812500 0.937500
vt 0.828125 0.000000
vt 0.812500 0.062500
vt 0.812500 0.437500
vt 0.812500 0.875000
vt 0.812500 0.375000
vt 0.812500 0.812500
vt 0.812500 0.312500
vt 0.812500 0.750000
vt 0.812500 0.250000
vt 0.812500 0.687500
vt 0.812500 0.187500
vt 0.812500 0.625000
vt 0.812500 0.125000
vt 0.781250 0.312500
vt 0.781250 0.250000
vt 0.781250 0.750000
vt 0.781250 0.687500
vt 0.781250 0.187500
vt 0.781250 0.625000
vt 0.781250 0.125000
vt 0.781250 0.562500
vt 0.781250 0.062500
vt 0.781250 0.500000
vt 0.796875 1.000000
vt 0.781250 0.937500
vt 0.796875 0.000000
vt 0.781250 0.437500
vt 0.781250 0.875000
vt 0.781250 0.375000
vt 0.781250 0.812500
vt 0.765625 1.000000
vt 0.765625 0.000000
s 0
usemtl Material
f 487/560/513 486/561/513 497/562/513 498/563/513
f 956/564/514 483/565/514 491/566/514
f 490/567/515 964/568/515 505/569/515
f 488/570/516 487/560/516 498/563/516 499/571/516
f 957/572/517 956/564/517 491/566/517 492/573/517
f 960/574/518 488/570/518 499/571/518 500/575/518
f 484/576/519 957/572/519 492/573/519 493/577/519
f 489/578/520 960/574/520 500/575/520 501/579/520
f 958/580/521 484/576/521 493/577/521 494/581/521
f 961/582/522 489/578/522 501/579/522 502/583/522
f 485/584/523 958/580/523 494/581/523 495/585/523
f 962/586/524 961/582/524 502/583/524 503/587/524
f 959/588/525 485/584/525 495/585/525 496/589/525
f 963/590/526 962/586/526 503/587/526 504/591/526
f 486/561/527 959/588/527 496/589/527 497/562/527
f 964/568/528 963/590/528 504/591/528 505/569/528
f 497/562/529 496/589/529 511/592/529 512/593/529
f 505/569/530 504/591/530 519/594/530 520/595/530
f 498/563/531 497/562/531 512/593/531 513/596/531
f 491/566/532 483/597/532 506/598/532
f 490/599/533 505/569/533 520/595/533
f 499/571/534 498/563/534 513/596/534 514/600/534
f 492/573/535 491/566/535 506/598/535 507/601/535
f 500/575/536 499/571/536 514/600/536 515/602/536
f 493/577/537 492/573/537 507/601/537 508/603/537
f 501/579/538 500/575/538 515/602/538 516/604/538
f 494/581/539 493/577/539 508/603/539 509/605/539
f 502/583/540 501/579/540 516/604/540 517/606/540
f 495/585/541 494/581/541 509/605/541 510/607/541
f 503/587/542 502/583/542 517/606/542 518/608/542
f 496/589/543 495/585/543 510/607/543 511/592/543
f 504/591/544 503/587/544 518/608/544 519/594/544
f 516/604/545 515/602/545 530/609/545 531/610/545
f 509/605/546 508/603/546 523/611/546 524/612/546
f 517/606/547 516/604/547 531/610/547 532/613/547
f 510/607/548 509/605/548 524/612/548 525/614/548
f 518/608/549 517/606/549 532/613/549 533/615/549
f 511/592/550 510/607/550 525/614/550 526/616/550
f 519/594/551 518/608/551 533/615/551 534/617/551
f 512/593/552 511/592/552 526/616/552 527/618/552
f 520/595/553 519/594/553 534/617/553 535/619/553
f 513/596/554 512/593/554 527/618/554 528/620/554
f 506/598/555 483/621/555 521/622/555
f 490/623/556 520/595/556 535/619/556
f 514/600/557 513/596/557 528/620/557 529/624/557
f 507/601/558 506/598/558 521/622/558 522/625/558
f 515/602/559 514/600/559 529/624/559 530/609/559
f 508/603/560 507/601/560 522/625/560 523/611/560
f 535/619/561 534/617/561 549/626/561 550/627/561
f 528/620/562 527/618/562 542/628/562 543/629/562
f 521/622/563 483/630/563 536/631/563
f 490/632/564 535/619/564 550/627/564
f 529/624/565 528/620/565 543/629/565 544/633/565
f 522/625/566 521/622/566 536/631/566 537/634/566
f 530/609/567 529/624/567 544/633/567 545/635/567
f 523/611/568 522/625/568 537/634/568 538/636/568
f 531/610/569 530/609/569 545/635/569 546/637/569
f 524/612/570 523/611/570 538/636/570 539/638/570
f 532/613/571 531/610/571 546/637/571 547/639/571
f 525/614/572 524/612/572 539/638/572 540/640/572
f 533/615/573 532/613/573 547/639/573 548/641/573
f 526/616/574 525/614/574 540/640/574 541/642/574
f 534/617/575 533/615/575 548/641/575 549/626/575
f 527/618/576 526/616/576 541/642/576 542/628/576
f 539/638/577 538/636/577 553/643/577 554/644/577
f 547/639/578 546/637/578 561/645/578 562/646/578
f 540/640/579 539/638/579 554/644/579 555/647/579
f 548/641/580 547/639/580 562/646/580 563/648/580
f 541/642/581 540/640/581 555/647/581 556/649/581
f 549/626/582 548/641/582 563/648/582 564/650/582
f 542/628/583 541/642/583 556/649/583 557/651/583
f 550/627/584 549/626/584 564/650/584 565/652/584
f 543/629/585 542/628/585 557/651/585 558/653/585
f 536/631/586 483/654/586 551/655/586
f 490/656/587 550/627/587 565/652/587
f 544/633/588 543/629/588 558/653/588 559/657/588
f 537/634/589 536/631/589 551/655/589 552/658/589
f 545/635/590 544/633/590 559/657/590 560/659/590
f 538/636/591 537/634/591 552/658/591 553/643/591
f 546/637/592 545/635/592 560/659/592 561/645/592
f 558/653/593 557/651/593 572/660/593 573/661/593
f 551/655/594 483/662/594 566/663/594
f 490/664/595 565/652/595 580/665/595
f 559/657/596 558/653/596 573/661/596 574/666/596
f 552/658/597 551/655/597 566/663/597 567/667/597
f 560/659/598 559/657/598 574/666/598 575/668/598
f 553/643/599 552/658/599 567/667/599 568/669/599
f 561/645/600 560/659/600 575/668/600 576/670/600
f 554/644/601 553/643/601 568/669/601 569/671/601
f 562/646/602 561/645/602 576/670/602 577/672/602
f 555/647/603 554/644/603 569/671/603 570/673/603
f 563/648/604 562/646/604 577/672/604 578/674/604
f 556/649/605 555/647/605 570/673/605 571/675/605
f 564/650/606 563/648/606 578/674/606 579/676/606
f 557/651/607 556/649/607 571/675/607 572/660/607
f 565/652/608 564/650/608 579/676/608 580/665/608
f 577/672/609 576/670/609 591/677/609 592/678/609
f 570/673/610 569/671/610 584/679/610 585/680/610
f 578/674/611 577/672/611 592/678/611 593/681/611
f 571/675/612 570/673/612 585/680/612 586/682/612
f 579/676/613 578/674/613 593/681/613 594/683/613
f 572/660/614 571/675/614 586/682/614 587/684/614
f 580/665/615 579/676/615 594/683/615 595/685/615
f 573/661/616 572/660/616 587/684/616 588/686/616
f 566/663/617 483/687/617 581/688/617
f 490/689/618 580/665/618 595/685/618
f 574/666/619 573/661/619 588/686/619 589/690/619
f 567/667/620 566/663/620 581/688/620 582/691/620
f 575/668/621 574/666/621 589/690/621 590/692/621
f 568/669/622 567/667/622 582/691/622 583/693/622
f 576/670/623 575/668/623 590/692/623 591/677/623
f 569/671/624 568/669/624 583/693/624 584/679/624
f 490/694/625 595/685/625 610/695/625
f 589/690/626 588/686/626 603/696/626 604/697/626
f 582/691/627 581/688/627 596/698/627 597/699/627
f 590/692/628 589/690/628 604/697/628 605/700/628
f 583/693/629 582/691/629 597/699/629 598/701/629
f 591/677/630 590/692/630 605/700/630 606/702/630
f 584/679/631 583/693/631 598/701/631 599/703/631
f 592/678/632 591/677/632 606/702/632 607/704/632
f 585/680/633 584/679/633 599/703/633 600/705/633
f 593/681/634 592/678/634 607/704/634 608/706/634
f 586/682/635 585/680/635 600/705/635 601/707/635
f 594/683/636 593/681/636 608/706/636 609/708/636
f 587/684/637 586/682/637 601/707/637 602/709/637
f 595/685/638 594/683/638 609/708/638 610/695/638
f 588/686/639 587/684/639 602/709/639 603/696/639
f 581/688/640 483/710/640 596/698/640
f 608/706/641 607/704/641 622/711/641 623/712/641
f 601/707/642 600/705/642 615/713/642 616/714/642
f 609/708/643 608/706/643 623/712/643 624/715/643
f 602/709/644 601/707/644 616/714/644 617/716/644
f 610/695/645 609/708/645 624/715/645 625/717/645
f 603/696/646 602/709/646 617/716/646 618/718/646
f 596/698/647 483/719/647 611/720/647
f 490/721/648 610/695/648 625/717/648
f 604/697/649 603/696/649 618/718/649 619/722/649
f 597/699/650 596/698/650 611/720/650 612/723/650
f 605/700/651 604/697/651 619/722/651 620/724/651
f 598/701/652 597/699/652 612/723/652 613/725/652
f 606/702/653 605/700/653 620/724/653 621/726/653
f 599/703/654 598/701/654 613/725/654 614/727/654
f 607/704/655 606/702/655 621/726/655 622/711/655
f 600/705/656 599/703/656 614/727/656 615/713/656
f 612/723/657 611/720/657 626/728/657 627/729/657
f 620/724/658 619/722/658 634/730/658 635/731/658
f 613/725/659 612/723/659 627/729/659 628/732/659
f 621/726/660 620/724/660 635/731/660 636/733/660
f 614/727/661 613/725/661 628/732/661 629/734/661
f 622/711/662 621/726/662 636/733/662 637/735/662
f 615/713/663 614/727/663 629/734/663 630/736/663
f 623/712/664 622/711/664 637/735/664 638/737/664
f 616/714/665 615/713/665 630/736/665 631/738/665
f 624/715/666 623/712/666 638/737/666 639/739/666
f 617/716/667 616/714/667 631/738/667 632/740/667
f 625/717/668 624/715/668 639/739/668 640/741/668
f 618/718/669 617/716/669 632/740/669 633/742/669
f 611/720/670 483/743/670 626/728/670
f 490/744/671 625/717/671 640/741/671
f 619/722/672 618/718/672 633/742/672 634/730/672
f 631/738/673 630/736/673 645/745/673 646/746/673
f 639/739/674 638/737/674 653/747/674 654/748/674
f 632/740/675 631/738/675 646/746/675 647/749/675
f 640/741/676 639/739/676 654/748/676 655/750/676
f 633/742/677 632/740/677 647/749/677 648/751/677
f 626/728/678 483/752/678 641/753/678
f 490/754/679 640/741/679 655/750/679
f 634/730/680 633/742/680 648/751/680 649/755/680
f 627/729/681 626/728/681 641/753/681 642/756/681
f 635/731/682 634/730/682 649/755/682 650/757/682
f 628/732/683 627/729/683 642/756/683 643/758/683
f 636/733/684 635/731/684 650/757/684 651/759/684
f 629/734/685 628/732/685 643/758/685 644/760/685
f 637/735/686 636/733/686 651/759/686 652/761/686
f 630/736/687 629/734/687 644/760/687 645/745/687
f 638/737/688 637/735/688 652/761/688 653/747/688
f 650/757/689 649/755/689 664/762/689 665/763/689
f 643/758/690 642/756/690 657/764/690 658/765/690
f 651/759/691 650/757/691 665/763/691 666/766/691
f 644/760/692 643/758/692 658/765/692 659/767/692
f 652/761/693 651/759/693 666/766/693 667/768/693
f 645/745/694 644/760/694 659/767/694 660/769/694
f 653/747/695 652/761/695 667/768/695 668/770/695
f 646/746/696 645/745/696 660/769/696 661/771/696
f 654/748/697 653/747/697 668/770/697 669/772/697
f 647/749/698 646/746/698 661/771/698 662/773/698
f 655/750/699 654/748/699 669/772/699 670/774/699
f 648/751/700 647/749/700 662/773/700 663/775/700
f 641/753/701 483/776/701 656/777/701
f 490/778/702 655/750/702 670/774/702
f 649/755/703 648/751/703 663/775/703 664/762/703
f 642/756/704 641/753/704 656/777/704 657/764/704
f 669/772/705 668/770/705 683/779/705 684/780/705
f 662/773/706 661/771/706 676/781/706 677/782/706
f 670/774/707 669/772/707 684/780/707 685/783/707
f 663/775/708 662/773/708 677/782/708 678/784/708
f 656/777/709 483/785/709 671/786/709
f 490/787/710 670/774/710 685/783/710
f 664/762/711 663/775/711 678/784/711 679/788/711
f 657/764/712 656/777/712 671/786/712 672/789/712
f 665/763/713 664/762/713 679/788/713 680/790/713
f 658/765/714 657/764/714 672/789/714 673/791/714
f 666/766/715 665/763/715 680/790/715 681/792/715
f 659/767/716 658/765/716 673/791/716 674/793/716
f 667/768/717 666/766/717 681/792/717 682/794/717
f 660/769/718 659/767/718 674/793/718 675/795/718
f 668/770/719 667/768/719 682/794/719 683/779/719
f 661/771/720 660/769/720 675/795/720 676/781/720
f 673/791/721 672/789/721 687/796/721 688/797/721
f 681/792/722 680/790/722 695/798/722 696/799/722
f 674/793/723 673/791/723 688/797/723 689/800/723
f 682/794/724 681/792/724 696/799/724 697/801/724
f 675/795/725 674/793/725 689/800/725 690/802/725
f 683/779/726 682/794/726 697/801/726 698/803/726
f 676/781/727 675/795/727 690/802/727 691/804/727
f 684/780/728 683/779/728 698/803/728 699/805/728
f 677/782/729 676/781/729 691/804/729 692/806/729
f 685/783/730 684/780/730 699/805/730 700/807/730
f 678/784/731 677/782/731 692/806/731 693/808/731
f 671/786/732 483/809/732 686/810/732
f 490/811/733 685/783/733 700/807/733
f 679/788/734 678/784/734 693/808/734 694/812/734
f 672/789/735 671/786/735 686/810/735 687/796/735
f 680/790/736 679/788/736 694/812/736 695/798/736
f 692/806/737 691/804/737 706/813/737 707/814/737
f 700/807/738 699/805/738 714/815/738 715/816/738
f 693/808/739 692/806/739 707/814/739 708/817/739
f 686/810/740 483/818/740 701/819/740
f 490/820/741 700/807/741 715/816/741
f 694/812/742 693/808/742 708/817/742 709/821/742
f 687/796/743 686/810/743 701/819/743 702/822/743
f 695/798/744 694/812/744 709/821/744 710/823/744
f 688/797/745 687/796/745 702/822/745 703/824/745
f 696/799/746 695/798/746 710/823/746 711/825/746
f 689/800/747 688/797/747 703/824/747 704/826/747
f 697/801/748 696/799/748 711/825/748 712/827/748
f 690/802/749 689/800/749 704/826/749 705/828/749
f 698/803/750 697/801/750 712/827/750 713/829/750
f 691/804/751 690/802/751 705/828/751 706/813/751
f 699/805/752 698/803/752 713/829/752 714/815/752
f 711/825/753 710/823/753 725/830/753 726/831/753
f 704/826/754 703/824/754 718/832/754 719/833/754
f 712/827/755 711/825/755 726/831/755 727/834/755
f 705/828/756 704/826/756 719/833/756 720/835/756
f 713/829/757 712/827/757 727/834/757 728/836/757
f 706/813/758 705/828/758 720/835/758 721/837/758
f 714/815/759 713/829/759 728/836/759 729/838/759
f 707/814/760 706/813/760 721/837/760 722/839/760
f 715/816/761 714/815/761 729/838/761 730/840/761
f 708/817/762 707/814/762 722/839/762 723/841/762
f 701/819/763 483/842/763 716/843/763
f 490/844/764 715/816/764 730/840/764
f 709/821/765 708/817/765 723/841/765 724/845/765
f 702/822/766 701/819/766 716/843/766 717/846/766
f 710/823/767 709/821/767 724/845/767 725/830/767
f 703/824/768 702/822/768 717/846/768 718/832/768
f 730/840/769 729/838/769 744/847/769 745/848/769
f 723/841/770 722/839/770 737/849/770 738/850/770
f 716/843/771 483/851/771 731/852/771
f 490/853/772 730/840/772 745/848/772
f 724/845/773 723/841/773 738/850/773 739/854/773
f 717/846/774 716/843/774 731/852/774 732/855/774
f 725/830/775 724/845/775 739/854/775 740/856/775
f 718/832/776 717/846/776 732/855/776 733/857/776
f 726/831/777 725/830/777 740/856/777 741/858/777
f 719/833/778 718/832/778 733/857/778 734/859/778
f 727/834/779 726/831/779 741/858/779 742/860/779
f 720/835/780 719/833/780 734/859/780 735/861/780
f 728/836/781 727/834/781 742/860/781 743/862/781
f 721/837/782 720/835/782 735/861/782 736/863/782
f 729/838/783 728/836/783 743/862/783 744/847/783
f 722/839/784 721/837/784 736/863/784 737/849/784
f 742/860/785 741/858/785 756/864/785 757/865/785
f 735/861/786 734/859/786 749/866/786 750/867/786
f 743/862/787 742/860/787 757/865/787 758/868/787
f 736/863/788 735/861/788 750/867/788 751/869/788
f 744/847/789 743/862/789 758/868/789 759/870/789
f 737/849/790 736/863/790 751/869/790 752/871/790
f 745/848/791 744/847/791 759/870/791 760/872/791
f 738/850/792 737/849/792 752/871/792 753/873/792
f 731/852/793 483/874/793 746/875/793
f 490/876/794 745/848/794 760/872/794
f 739/854/795 738/850/795 753/873/795 754/877/795
f 732/855/796 731/852/796 746/875/796 747/878/796
f 740/856/797 739/854/797 754/877/797 755/879/797
f 733/857/798 732/855/798 747/878/798 748/880/798
f 741/858/799 740/856/799 755/879/799 756/864/799
f 734/859/800 733/857/800 748/880/800 749/866/800
f 746/875/801 483/881/801 761/882/801
f 490/883/802 760/872/802 775/884/802
f 754/877/803 753/873/803 768/885/803 769/886/803
f 747/878/804 746/875/804 761/882/804 762/887/804
f 755/879/805 754/877/805 769/886/805 770/888/805
f 748/880/806 747/878/806 762/887/806 763/889/806
f 756/864/807 755/879/807 770/888/807 771/890/807
f 749/866/808 748/880/808 763/889/808 764/891/808
f 757/865/809 756/864/809 771/890/809 772/892/809
f 750/867/810 749/866/810 764/891/810 765/893/810
f 758/868/811 757/865/811 772/892/811 773/894/811
f 751/869/812 750/867/812 765/893/812 766/895/812
f 759/870/813 758/868/813 773/894/813 774/896/813
f 752/871/814 751/869/814 766/895/814 767/897/814
f 760/872/815 759/870/815 774/896/815 775/884/815
f 753/873/816 752/871/816 767/897/816 768/885/816
f 765/893/817 764/891/817 779/898/817 780/899/817
f 773/894/818 772/892/818 787/900/818 788/901/818
f 766/895/819 765/893/819 780/899/819 781/902/819
f 774/896/820 773/894/820 788/901/820 789/903/820
f 767/897/821 766/895/821 781/902/821 782/904/821
f 775/884/822 774/896/822 789/903/822 790/905/822
f 768/885/823 767/897/823 782/904/823 783/906/823
f 761/882/824 483/907/824 776/908/824
f 490/909/825 775/884/825 790/905/825
f 769/886/826 768/885/826 783/906/826 784/910/826
f 762/887/827 761/882/827 776/908/827 777/911/827
f 770/888/828 769/886/828 784/910/828 785/912/828
f 763/889/829 762/887/829 777/911/829 778/913/829
f 771/890/830 770/888/830 785/912/830 786/914/830
f 764/891/831 763/889/831 778/913/831 779/898/831
f 772/892/832 771/890/832 786/914/832 787/900/832
f 784/910/833 783/906/833 798/915/833 799/916/833
f 777/911/834 776/908/834 791/917/834 792/918/834
f 785/912/835 784/910/835 799/916/835 800/919/835
f 778/913/836 777/911/836 792/918/836 793/920/836
f 786/914/837 785/912/837 800/919/837 801/921/837
f 779/898/838 778/913/838 793/920/838 794/922/838
f 787/900/839 786/914/839 801/921/839 802/923/839
f 780/899/840 779/898/840 794/922/840 795/924/840
f 788/901/841 787/900/841 802/923/841 803/925/841
f 781/902/842 780/899/842 795/924/842 796/926/842
f 789/903/843 788/901/843 803/925/843 804/927/843
f 782/904/844 781/902/844 796/926/844 797/928/844
f 790/905/845 789/903/845 804/927/845 805/929/845
f 783/906/846 782/904/846 797/928/846 798/915/846
f 776/908/847 483/930/847 791/917/847
f 490/931/848 790/905/848 805/929/848
f 803/925/849 802/923/849 817/932/849 818/933/849
f 796/926/850 795/924/850 810/934/850 811/935/850
f 804/927/851 803/925/851 818/933/851 819/936/851
f 797/928/852 796/926/852 811/935/852 812/937/852
f 805/929/853 804/927/853 819/936/853 820/938/853
f 798/915/854 797/928/854 812/937/854 813/939/854
f 791/917/855 483/940/855 806/941/855
f 490/942/856 805/929/856 820/938/856
f 799/916/857 798/915/857 813/939/857 814/943/857
f 792/918/858 791/917/858 806/941/858 807/944/858
f 800/919/859 799/916/859 814/943/859 815/945/859
f 793/920/860 792/918/860 807/944/860 808/946/860
f 801/921/861 800/919/861 815/945/861 816/947/861
f 794/922/862 793/920/862 808/946/862 809/948/862
f 802/923/863 801/921/863 816/947/863 817/932/863
f 795/924/864 794/922/864 809/948/864 810/934/864
f 807/944/865 806/941/865 821/949/865 822/950/865
f 815/945/866 814/943/866 829/951/866 830/952/866
f 808/946/867 807/944/867 822/950/867 823/953/867
f 816/947/868 815/945/868 830/952/868 831/954/868
f 809/948/869 808/946/869 823/953/869 824/955/869
f 817/932/870 816/947/870 831/954/870 832/956/870
f 810/934/871 809/948/871 824/955/871 825/957/871
f 818/933/872 817/932/872 832/956/872 833/958/872
f 811/935/873 810/934/873 825/957/873 826/959/873
f 819/936/874 818/933/874 833/958/874 834/960/874
f 812/937/875 811/935/875 826/959/875 827/961/875
f 820/938/876 819/936/876 834/960/876 835/962/876
f 813/939/877 812/937/877 827/961/877 828/963/877
f 806/941/878 483/964/878 821/949/878
f 490/965/879 820/938/879 835/962/879
f 814/943/880 813/939/880 828/963/880 829/951/880
f 826/959/881 825/957/881 840/966/881 841/967/881
f 834/960/882 833/958/882 848/968/882 849/969/882
f 827/961/883 826/959/883 841/967/883 842/970/883
f 835/962/884 834/960/884 849/969/884 850/971/884
f 828/963/885 827/961/885 842/970/885 843/972/885
f 821/949/886 483/973/886 836/974/886
f 490/975/887 835/962/887 850/971/887
f 829/951/888 828/963/888 843/972/888 844/976/888
f 822/950/889 821/949/889 836/974/889 837/977/889
f 830/952/890 829/951/890 844/976/890 845/978/890
f 823/953/891 822/950/891 837/977/891 838/979/891
f 831/954/892 830/952/892 845/978/892 846/980/892
f 824/955/893 823/953/893 838/979/893 839/981/893
f 832/956/894 831/954/894 846/980/894 847/982/894
f 825/957/895 824/955/895 839/981/895 840/966/895
f 833/958/896 832/956/896 847/982/896 848/968/896
f 845/983/897 844/984/897 859/985/897 860/986/897
f 838/987/898 837/988/898 852/989/898 853/990/898
f 846/991/899 845/983/899 860/986/899 861/992/899
f 839/993/900 838/987/900 853/990/900 854/994/900
f 847/995/901 846/991/901 861/992/901 862/996/901
f 840/997/902 839/993/902 854/994/902 855/998/902
f 848/999/903 847/995/903 862/996/903 863/1000/903
f 841/1001/904 840/997/904 855/998/904 856/1002/904
f 849/1003/905 848/999/905 863/1000/905 864/1004/905
f 842/1005/906 841/1001/906 856/1002/906 857/1006/906
f 850/1007/907 849/1003/907 864/1004/907 865/1008/907
f 843/1009/908 842/1005/908 857/1006/908 858/1010/908
f 836/1011/909 483/1012/909 851/1013/909
f 490/1014/910 850/1007/910 865/1008/910
f 844/984/911 843/1009/911 858/1010/911 859/985/911
f 837/988/912 836/1011/912 851/1013/912 852/989/912
f 864/1004/913 863/1000/913 878/1015/913 879/1016/913
f 857/1006/914 856/1002/914 871/1017/914 872/1018/914
f 865/1008/915 864/1004/915 879/1016/915 880/1019/915
f 858/1010/916 857/1006/916 872/1018/916 873/1020/916
f 851/1013/917 483/1021/917 866/1022/917
f 490/1023/918 865/1008/918 880/1019/918
f 859/985/919 858/1010/919 873/1020/919 874/1024/919
f 852/989/920 851/1013/920 866/1022/920 867/1025/920
f 860/986/921 859/985/921 874/1024/921 875/1026/921
f 853/990/922 852/989/922 867/1025/922 868/1027/922
f 861/992/923 860/986/923 875/1026/923 876/1028/923
f 854/994/924 853/990/924 868/1027/924 869/1029/924
f 862/996/925 861/992/925 876/1028/925 877/1030/925
f 855/998/926 854/994/926 869/1029/926 870/1031/926
f 863/1000/927 862/996/927 877/1030/927 878/1015/927
f 856/1002/928 855/998/928 870/1031/928 871/1017/928
f 876/1028/929 875/1026/929 890/1032/929 891/1033/929
f 869/1029/930 868/1027/930 883/1034/930 884/1035/930
f 877/1030/931 876/1028/931 891/1033/931 892/1036/931
f 870/1031/932 869/1029/932 884/1035/932 885/1037/932
f 878/1015/933 877/1030/933 892/1036/933 893/1038/933
f 871/1017/934 870/1031/934 885/1037/934 886/1039/934
f 879/1016/935 878/1015/935 893/1038/935 894/1040/935
f 872/1018/936 871/1017/936 886/1039/936 887/1041/936
f 880/1019/937 879/1016/937 894/1040/937 895/1042/937
f 873/1020/938 872/1018/938 887/1041/938 888/1043/938
f 866/1022/939 483/1044/939 881/1045/939
f 490/1046/940 880/1019/940 895/1042/940
f 874/1024/941 873/1020/941 888/1043/941 889/1047/941
f 867/1025/942 866/1022/942 881/1045/942 882/1048/942
f 875/1026/943 874/1024/943 889/1047/943 890/1032/943
f 868/1027/944 867/1025/944 882/1048/944 883/1034/944
f 895/1042/945 894/1040/945 909/1049/945 910/1050/945
f 888/1043/946 887/1041/946 902/1051/946 903/1052/946
f 881/1045/947 483/1053/947 896/1054/947
f 490/1055/948 895/1042/948 910/1050/948
f 889/1047/949 888/1043/949 903/1052/949 904/1056/949
f 882/1048/950 881/1045/950 896/1054/950 897/1057/950
f 890/1032/951 889/1047/951 904/1056/951 905/1058/951
f 883/1034/952 882/1048/952 897/1057/952 898/1059/952
f 891/1033/953 890/1032/953 905/1058/953 906/1060/953
f 884/1035/954 883/1034/954 898/1059/954 899/1061/954
f 892/1036/955 891/1033/955 906/1060/955 907/1062/955
f 885/1037/956 884/1035/956 899/1061/956 900/1063/956
f 893/1038/957 892/1036/957 907/1062/957 908/1064/957
f 886/1039/958 885/1037/958 900/1063/958 901/1065/958
f 894/1040/959 893/1038/959 908/1064/959 909/1049/959
f 887/1041/960 886/1039/960 901/1065/960 902/1051/960
f 899/1061/961 898/1059/961 913/1066/961 914/1067/961
f 907/1062/962 906/1060/962 921/1068/962 922/1069/962
f 900/1063/963 899/1061/963 914/1067/963 915/1070/963
f 908/1064/964 907/1062/964 922/1069/964 923/1071/964
f 901/1065/965 900/1063/965 915/1070/965 916/1072/965
f 909/1049/966 908/1064/966 923/1071/966 924/1073/966
f 902/1051/967 901/1065/967 916/1072/967 917/1074/967
f 910/1050/968 909/1049/968 924/1073/968 925/1075/968
f 903/1052/969 902/1051/969 917/1074/969 918/1076/969
f 896/1054/970 483/1077/970 911/1078/970
f 490/1079/971 910/1050/971 925/1075/971
f 904/1056/972 903/1052/972 918/1076/972 919/1080/972
f 897/1057/973 896/1054/973 911/1078/973 912/1081/973
f 905/1058/974 904/1056/974 919/1080/974 920/1082/974
f 898/1059/975 897/1057/975 912/1081/975 913/1066/975
f 906/1060/976 905/1058/976 920/1082/976 921/1068/976
f 918/1076/977 917/1074/977 932/1083/977 933/1084/977
f 911/1078/978 483/1085/978 926/1086/978
f 490/1087/979 925/1075/979 940/1088/979
f 919/1080/980 918/1076/980 933/1084/980 934/1089/980
f 912/1081/981 911/1078/981 926/1086/981 927/1090/981
f 920/1082/982 919/1080/982 934/1089/982 935/1091/982
f 913/1066/983 912/1081/983 927/1090/983 928/1092/983
f 921/1068/984 920/1082/984 935/1091/984 936/1093/984
f 914/1067/985 913/1066/985 928/1092/985 929/1094/985
f 922/1069/986 921/1068/986 936/1093/986 937/1095/986
f 915/1070/987 914/1067/987 929/1094/987 930/1096/987
f 923/1071/988 922/1069/988 937/1095/988 938/1097/988
f 916/1072/989 915/1070/989 930/1096/989 931/1098/989
f 924/1073/990 923/1071/990 938/1097/990 939/1099/990
f 917/1074/991 916/1072/991 931/1098/991 932/1083/991
f 925/1075/992 924/1073/992 939/1099/992 940/1088/992
f 937/1095/993 936/1093/993 951/1100/993 952/1101/993
f 930/1096/994 929/1094/994 944/1102/994 945/1103/994
f 938/1097/995 937/1095/995 952/1101/995 953/1104/995
f 931/1098/996 930/1096/996 945/1103/996 946/1105/996
f 939/1099/997 938/1097/997 953/1104/997 954/1106/997
f 932/1083/998 931/1098/998 946/1105/998 947/1107/998
f 940/1088/999 939/1099/999 954/1106/999 955/1108/999
f 933/1084/1000 932/1083/1000 947/1107/1000 948/1109/1000
f 926/1086/1001 483/1110/1001 941/1111/1001
f 490/1112/1002 940/1088/1002 955/1108/1002
f 934/1089/1003 933/1084/1003 948/1109/1003 949/1113/1003
f 927/1090/1004 926/1086/1004 941/1111/1004 942/1114/1004
f 935/1091/1005 934/1089/1005 949/1113/1005 950/1115/1005
f 928/1092/1006 927/1090/1006 942/1114/1006 943/1116/1006
f 936/1093/1007 935/1091/1007 950/1115/1007 951/1100/1007
f 929/1094/1008 928/1092/1008 943/1116/1008 944/1102/1008
f 941/1111/1009 483/1117/1009 956/564/1009
f 490/1118/1010 955/1108/1010 964/568/1010
f 949/1113/1011 948/1109/1011 487/560/1011 488/570/1011
f 942/1114/1012 941/1111/1012 956/564/1012 957/572/1012
f 950/1115/1013 949/1113/1013 488/570/1013 960/574/1013
f 943/1116/1014 942/1114/1014 957/572/1014 484/576/1014
f 951/1100/1015 950/1115/1015 960/574/1015 489/578/1015
f 944/1102/1016 943/1116/1016 484/576/1016 958/580/1016
f 952/1101/1017 951/1100/1017 489/578/1017 961/582/1017
f 945/1103/1018 944/1102/1018 958/580/1018 485/584/1018
f 953/1104/1019 952/1101/1019 961/582/1019 962/586/1019
f 946/1105/1020 945/1103/1020 485/584/1020 959/588/1020
f 954/1106/1021 953/1104/1021 962/586/1021 963/590/1021
f 947/1107/1022 946/1105/1022 959/588/1022 486/561/1022
f 955/1108/1023 954/1106/1023 963/590/1023 964/568/1023
f 948/1109/1024 947/1107/1024 486/561/1024 487/560/1024
